{
  "PAIR": {
    "tcp|64|throughput": 6092921.859999999,
    "tcp|64|latency": 31.735,
    "tcp|256|throughput": 2549526.665,
    "tcp|256|latency": 30.265,
    "tcp|1024|throughput": 1033282.0349999999,
    "tcp|1024|latency": 31.990000000000002,
    "tcp|65536|throughput": 68671.84,
    "tcp|65536|latency": 50.769999999999996,
    "tcp|131072|throughput": 43662.765,
    "tcp|131072|latency": 79.08500000000001,
    "tcp|262144|throughput": 25113.32,
    "tcp|262144|latency": 111.255,
    "inproc|64|throughput": 6166744.085000001,
    "inproc|64|latency": 0.07,
    "inproc|256|throughput": 5477980.9350000005,
    "inproc|256|latency": 0.08,
    "inproc|1024|throughput": 2149559.4699999997,
    "inproc|1024|latency": 0.09,
    "inproc|65536|throughput": 154025.445,
    "inproc|65536|latency": 1.915,
    "inproc|131072|throughput": 82930.81,
    "inproc|131072|latency": 3.375,
    "inproc|262144|throughput": 53037.91,
    "inproc|262144|latency": 6.605,
    "ipc|64|throughput": 6047462.359999999,
    "ipc|64|latency": 30.655,
    "ipc|256|throughput": 2758303.985,
    "ipc|256|latency": 28.015,
    "ipc|1024|throughput": 1158393.21,
    "ipc|1024|latency": 28.645,
    "ipc|65536|throughput": 69600.05,
    "ipc|65536|latency": 67.925,
    "ipc|131072|throughput": 40568.545,
    "ipc|131072|latency": 115.57,
    "ipc|262144|throughput": 23324.605,
    "ipc|262144|latency": 88.17500000000001
  },
  "PUBSUB": {
    "tcp|64|throughput": 5578584.33,
    "tcp|64|latency": 0.18,
    "tcp|256|throughput": 2479693.365,
    "tcp|256|latency": 0.4,
    "tcp|1024|throughput": 1022371.0,
    "tcp|1024|latency": 0.975,
    "tcp|65536|throughput": 67337.2,
    "tcp|65536|latency": 14.85,
    "tcp|131072|throughput": 44831.735,
    "tcp|131072|latency": 22.305,
    "tcp|262144|throughput": 25467.045,
    "tcp|262144|latency": 39.265,
    "inproc|64|throughput": 5639194.825,
    "inproc|64|latency": 0.18,
    "inproc|256|throughput": 4490722.529999999,
    "inproc|256|latency": 0.22,
    "inproc|1024|throughput": 1974033.685,
    "inproc|1024|latency": 0.51,
    "inproc|65536|throughput": 153645.745,
    "inproc|65536|latency": 6.51,
    "inproc|131072|throughput": 90062.015,
    "inproc|131072|latency": 11.105,
    "inproc|262144|throughput": 78444.47,
    "inproc|262144|latency": 12.765,
    "ipc|64|throughput": 5030664.279999999,
    "ipc|64|latency": 0.2,
    "ipc|256|throughput": 2576872.13,
    "ipc|256|latency": 0.39,
    "ipc|1024|throughput": 1119390.8399999999,
    "ipc|1024|latency": 0.89,
    "ipc|65536|throughput": 70062.605,
    "ipc|65536|latency": 14.27,
    "ipc|131072|throughput": 41768.630000000005,
    "ipc|131072|latency": 23.945,
    "ipc|262144|throughput": 22812.825,
    "ipc|262144|latency": 43.835
  },
  "DEALER_DEALER": {
    "tcp|64|throughput": 6018069.715,
    "tcp|64|latency": 29.53,
    "tcp|256|throughput": 2550305.55,
    "tcp|256|latency": 30.964999999999996,
    "tcp|1024|throughput": 1030226.15,
    "tcp|1024|latency": 29.325,
    "tcp|65536|throughput": 68112.48999999999,
    "tcp|65536|latency": 73.64,
    "tcp|131072|throughput": 43617.899999999994,
    "tcp|131072|latency": 104.64,
    "tcp|262144|throughput": 25347.925000000003,
    "tcp|262144|latency": 174.155,
    "inproc|64|throughput": 6170995.01,
    "inproc|64|latency": 0.07500000000000001,
    "inproc|256|throughput": 5056552.390000001,
    "inproc|256|latency": 0.08,
    "inproc|1024|throughput": 2115557.435,
    "inproc|1024|latency": 0.1,
    "inproc|65536|throughput": 196849.52000000002,
    "inproc|65536|latency": 1.9049999999999998,
    "inproc|131072|throughput": 122223.4,
    "inproc|131072|latency": 3.44,
    "inproc|262144|throughput": 53043.75,
    "inproc|262144|latency": 6.72,
    "ipc|64|throughput": 5976238.16,
    "ipc|64|latency": 28.025,
    "ipc|256|throughput": 2776339.6399999997,
    "ipc|256|latency": 26.810000000000002,
    "ipc|1024|throughput": 1128755.785,
    "ipc|1024|latency": 28.485,
    "ipc|65536|throughput": 67961.63,
    "ipc|65536|latency": 68.045,
    "ipc|131072|throughput": 40347.595,
    "ipc|131072|latency": 83.29,
    "ipc|262144|throughput": 22769.475,
    "ipc|262144|latency": 143.57
  },
  "DEALER_ROUTER": {
    "tcp|64|throughput": 5555061.61,
    "tcp|64|latency": 40.769999999999996,
    "tcp|256|throughput": 2474548.89,
    "tcp|256|latency": 42.315,
    "tcp|1024|throughput": 1032056.53,
    "tcp|1024|latency": 41.205,
    "tcp|65536|throughput": 69009.595,
    "tcp|65536|latency": 92.425,
    "tcp|131072|throughput": 44213.8,
    "tcp|131072|latency": 104.54499999999999,
    "tcp|262144|throughput": 25763.35,
    "tcp|262144|latency": 165.655,
    "inproc|64|throughput": 5391673.17,
    "inproc|64|latency": 0.11,
    "inproc|256|throughput": 3773283.145,
    "inproc|256|latency": 0.11,
    "inproc|1024|throughput": 1857614.48,
    "inproc|1024|latency": 0.12,
    "inproc|65536|throughput": 162263.93,
    "inproc|65536|latency": 1.85,
    "inproc|131072|throughput": 81291.635,
    "inproc|131072|latency": 3.57,
    "inproc|262144|throughput": 53949.28,
    "inproc|262144|latency": 6.955,
    "ipc|64|throughput": 5650529.665,
    "ipc|64|latency": 40.08,
    "ipc|256|throughput": 2689929.34,
    "ipc|256|latency": 35.59,
    "ipc|1024|throughput": 1130740.09,
    "ipc|1024|latency": 39.485,
    "ipc|65536|throughput": 68304.275,
    "ipc|65536|latency": 97.715,
    "ipc|131072|throughput": 40974.14,
    "ipc|131072|latency": 125.71000000000001,
    "ipc|262144|throughput": 22537.4,
    "ipc|262144|latency": 105.39
  },
  "ROUTER_ROUTER": {
    "tcp|64|throughput": 5327204.375,
    "tcp|64|latency": 15.33,
    "tcp|256|throughput": 2342607.59,
    "tcp|256|latency": 16.29,
    "tcp|1024|throughput": 1010361.63,
    "tcp|1024|latency": 15.71,
    "tcp|65536|throughput": 71094.635,
    "tcp|65536|latency": 26.435000000000002,
    "tcp|131072|throughput": 44996.31,
    "tcp|131072|latency": 35.43,
    "tcp|262144|throughput": 26680.69,
    "tcp|262144|latency": 110.56,
    "inproc|64|throughput": 4654724.88,
    "inproc|64|latency": 0.16,
    "inproc|256|throughput": 3269950.275,
    "inproc|256|latency": 0.16,
    "inproc|1024|throughput": 1755836.44,
    "inproc|1024|latency": 0.19,
    "inproc|65536|throughput": 175455.485,
    "inproc|65536|latency": 2.0,
    "inproc|131072|throughput": 105356.15,
    "inproc|131072|latency": 3.56,
    "inproc|262144|throughput": 57394.345,
    "inproc|262144|latency": 6.785,
    "ipc|64|throughput": 5293872.13,
    "ipc|64|latency": 14.475,
    "ipc|256|throughput": 2422077.975,
    "ipc|256|latency": 14.704999999999998,
    "ipc|1024|throughput": 1109351.835,
    "ipc|1024|latency": 14.504999999999999,
    "ipc|65536|throughput": 69823.88,
    "ipc|65536|latency": 25.634999999999998,
    "ipc|131072|throughput": 41646.95,
    "ipc|131072|latency": 35.705,
    "ipc|262144|throughput": 23378.114999999998,
    "ipc|262144|latency": 116.11
  },
  "ROUTER_ROUTER_POLL": {
    "tcp|64|throughput": 4872306.445,
    "tcp|64|latency": 20.535,
    "tcp|256|throughput": 2408574.87,
    "tcp|256|latency": 20.66,
    "tcp|1024|throughput": 1013688.52,
    "tcp|1024|latency": 20.869999999999997,
    "tcp|65536|throughput": 67497.03,
    "tcp|65536|latency": 33.455,
    "tcp|131072|throughput": 44736.17,
    "tcp|131072|latency": 42.42,
    "tcp|262144|throughput": 24837.445,
    "tcp|262144|latency": 91.30000000000001,
    "inproc|64|throughput": 3709105.8200000003,
    "inproc|64|latency": 0.52,
    "inproc|256|throughput": 3225590.3449999997,
    "inproc|256|latency": 0.52,
    "inproc|1024|throughput": 1774232.4,
    "inproc|1024|latency": 0.55,
    "inproc|65536|throughput": 181856.465,
    "inproc|65536|latency": 2.415,
    "inproc|131072|throughput": 103037.575,
    "inproc|131072|latency": 4.05,
    "inproc|262144|throughput": 49415.08,
    "inproc|262144|latency": 7.24,
    "ipc|64|throughput": 4968140.885,
    "ipc|64|latency": 19.245,
    "ipc|256|throughput": 2396150.1399999997,