{
  "PAIR": {
    "tcp|64|throughput": 5694326.007222222,
    "tcp|64|latency": 5.208888888888889,
    "tcp|256|throughput": 3461709.4177777776,
    "tcp|256|latency": 5.261111111111111,
    "tcp|1024|throughput": 1325827.6155555556,
    "tcp|1024|latency": 5.346666666666667,
    "tcp|65536|throughput": 37365.16777777778,
    "tcp|65536|latency": 12.974444444444444,
    "tcp|131072|throughput": 19396.896111111113,
    "tcp|131072|latency": 19.092222222222222,
    "tcp|262144|throughput": 12634.241666666667,
    "tcp|262144|latency": 31.24111111111111,
    "inproc|64|throughput": 7829648.028333333,
    "inproc|64|latency": 0.07388888888888889,
    "inproc|256|throughput": 8020030.5894444445,
    "inproc|256|latency": 0.07333333333333333,
    "inproc|1024|throughput": 4745101.405,
    "inproc|1024|latency": 0.09111111111111111,
    "inproc|65536|throughput": 144264.43833333332,
    "inproc|65536|latency": 2.046666666666667,
    "inproc|131072|throughput": 103173.77277777778,
    "inproc|131072|latency": 3.6144444444444446,
    "inproc|262144|throughput": 62516.337222222224,
    "inproc|262144|latency": 7.117222222222222,
    "ipc|64|throughput": 6062211.165,
    "ipc|64|latency": 4.599444444444444,
    "ipc|256|throughput": 3916338.116111111,
    "ipc|256|latency": 4.665555555555556,
    "ipc|1024|throughput": 1586427.526111111,
    "ipc|1024|latency": 4.752777777777778,
    "ipc|65536|throughput": 39385.24833333334,
    "ipc|65536|latency": 12.586666666666666,
    "ipc|131072|throughput": 20780.660555555554,
    "ipc|131072|latency": 19.081111111111113,
    "ipc|262144|throughput": 11101.621111111112,
    "ipc|262144|latency": 31.090555555555557
  },
  "PUBSUB": {
    "tcp|64|throughput": 4098058.4055555556,
    "tcp|64|latency": 0.24388888888888888,
    "tcp|256|throughput": 2411532.0894444445,
    "tcp|256|latency": 0.415,
    "tcp|1024|throughput": 935069.3955555556,
    "tcp|1024|latency": 1.0694444444444444,
    "tcp|65536|throughput": 29494.227777777778,
    "tcp|65536|latency": 33.75611111111111,
    "tcp|131072|throughput": 18410.887222222223,
    "tcp|131072|latency": 53.98833333333333,
    "tcp|262144|throughput": 10572.287777777778,
    "tcp|262144|latency": 93.94333333333333,
    "inproc|64|throughput": 5711990.623888889,
    "inproc|64|latency": 0.17333333333333334,
    "inproc|256|throughput": 4983813.158333333,
    "inproc|256|latency": 0.2011111111111111,
    "inproc|1024|throughput": 2899982.116111111,
    "inproc|1024|latency": 0.34555555555555556,
    "inproc|65536|throughput": 147373.99166666667,
    "inproc|65536|latency": 6.785555555555556,
    "inproc|131072|throughput": 101063.36777777778,
    "inproc|131072|latency": 9.89611111111111,
    "inproc|262144|throughput": 61554.26666666667,
    "inproc|262144|latency": 16.18722222222222,
    "ipc|64|throughput": 4250902.678888889,
    "ipc|64|latency": 0.23500000000000001,
    "ipc|256|throughput": 2643702.178333333,
    "ipc|256|latency": 0.37777777777777777,
    "ipc|1024|throughput": 1022527.4122222222,
    "ipc|1024|latency": 0.9772222222222222,
    "ipc|65536|throughput": 30858.257777777777,
    "ipc|65536|latency": 32.21611111111111,
    "ipc|131072|throughput": 18623.493333333332,
    "ipc|131072|latency": 53.38777777777778,
    "ipc|262144|throughput": 10652.061111111112,
    "ipc|262144|latency": 93.43222222222222
  },
  "DEALER_DEALER": {
    "tcp|64|throughput": 5560886.828333333,
    "tcp|64|latency": 5.221666666666667,
    "tcp|256|throughput": 3417757.4394444446,
    "tcp|256|latency": 5.203888888888889,
    "tcp|1024|throughput": 1328542.225,
    "tcp|1024|latency": 5.287222222222223,
    "tcp|65536|throughput": 36997.71333333333,
    "tcp|65536|latency": 13.045555555555556,
    "tcp|131072|throughput": 18851.64888888889,
    "tcp|131072|latency": 19.27777777777778,
    "tcp|262144|throughput": 11670.598333333333,
    "tcp|262144|latency": 31.40888888888889,
    "inproc|64|throughput": 7490357.178888889,
    "inproc|64|latency": 0.08,
    "inproc|256|throughput": 7655828.7961111115,
    "inproc|256|latency": 0.08055555555555556,
    "inproc|1024|throughput": 4669311.796111111,
    "inproc|1024|latency": 0.10166666666666667,
    "inproc|65536|throughput": 142331.39777777778,
    "inproc|65536|latency": 2.0805555555555557,
    "inproc|131072|throughput": 100205.36166666666,
    "inproc|131072|latency": 3.716111111111111,
    "inproc|262144|throughput": 60743.59055555556,
    "inproc|262144|latency": 7.189444444444445,
    "ipc|64|throughput": 5909670.283333333,
    "ipc|64|latency": 4.627222222222223,
    "ipc|256|throughput": 3836663.716666667,
    "ipc|256|latency": 4.705555555555556,
    "ipc|1024|throughput": 1582031.2705555556,
    "ipc|1024|latency": 4.777222222222222,
    "ipc|65536|throughput": 36241.48,
    "ipc|65536|latency": 12.642222222222223,
    "ipc|131072|throughput": 21304.15388888889,
    "ipc|131072|latency": 19.303333333333335,
    "ipc|262144|throughput": 11450.893333333333,
    "ipc|262144|latency": 31.424444444444443
  },
  "DEALER_ROUTER": {
    "tcp|64|throughput": 4348979.5616666665,
    "tcp|64|latency": 5.269444444444445,
    "tcp|256|throughput": 2946593.12,
    "tcp|256|latency": 5.352777777777778,
    "tcp|1024|throughput": 1239374.2444444445,
    "tcp|1024|latency": 5.374444444444444,
    "tcp|65536|throughput": 23630.081666666665,
    "tcp|65536|latency": 13.106111111111112,
    "tcp|131072|throughput": 15163.887222222222,
    "tcp|131072|latency": 19.149444444444445,
    "tcp|262144|throughput": 9536.325555555555,
    "tcp|262144|latency": 31.820555555555554,
    "inproc|64|throughput": 6611117.286666667,
    "inproc|64|latency": 0.11222222222222222,
    "inproc|256|throughput": 6425449.818888889,
    "inproc|256|latency": 0.1111111111111111,
    "inproc|1024|throughput": 3927447.2205555555,
    "inproc|1024|latency": 0.13111111111111112,
    "inproc|65536|throughput": 128745.71555555555,
    "inproc|65536|latency": 2.0083333333333333,
    "inproc|131072|throughput": 87599.18333333333,
    "inproc|131072|latency": 3.861111111111111,
    "inproc|262144|throughput": 58003.34222222222,
    "inproc|262144|latency": 7.5088888888888885,
    "ipc|64|throughput": 4429162.533333333,
    "ipc|64|latency": 4.785,
    "ipc|256|throughput": 3331734.1366666667,
    "ipc|256|latency": 4.711666666666667,
    "ipc|1024|throughput": 1466215.6027777777,
    "ipc|1024|latency": 4.78,
    "ipc|65536|throughput": 24916.35777777778,
    "ipc|65536|latency": 12.684444444444445,
    "ipc|131072|throughput": 15290.765,
    "ipc|131072|latency": 19.311666666666667,
    "ipc|262144|throughput": 9387.706666666667,
    "ipc|262144|latency": 32.11388888888889
  },
  "ROUTER_ROUTER": {
    "tcp|64|throughput": 3903607.113888889,
    "tcp|64|latency": 4.345,
    "tcp|256|throughput": 2854720.0433333335,
    "tcp|256|latency": 4.371666666666667,
    "tcp|1024|throughput": 1181690.667222222,
    "tcp|1024|latency": 4.508333333333334,
    "tcp|65536|throughput": 31533.137222222223,
    "tcp|65536|latency": 12.16388888888889,
    "tcp|131072|throughput": 19398.060555555556,
    "tcp|131072|latency": 18.718333333333334,
    "tcp|262144|throughput": 11108.502777777778,
    "tcp|262144|latency": 40.11388888888889,
    "inproc|64|throughput": 4701371.412777778,
    "inproc|64|latency": 0.16,
    "inproc|256|throughput": 4912526.712222222,
    "inproc|256|latency": 0.16166666666666668,
    "inproc|1024|throughput": 3406962.0566666666,
    "inproc|1024|latency": 0.18222222222222223,
    "inproc|65536|throughput": 147676.45222222223,
    "inproc|65536|latency": 2.1255555555555556,
    "inproc|131072|throughput": 100383.99444444444,
    "inproc|131072|latency": 3.9872222222222224,
    "inproc|262144|throughput": 61804.02111111111,
    "inproc|262144|latency": 7.443888888888889,
    "ipc|64|throughput": 3996932.513333333,
    "ipc|64|latency": 3.881666666666667,
    "ipc|256|throughput": 3094415.6155555556,
    "ipc|256|latency": 3.95,