{
  "PAIR": {
    "tcp|64|throughput": 4652152.9350000005,
    "tcp|64|latency": 5.005,
    "tcp|256|throughput": 2585837.4050000003,
    "tcp|256|latency": 4.970000000000001,
    "tcp|1024|throughput": 934833.29,
    "tcp|1024|latency": 5.055,
    "tcp|65536|throughput": 31896.410000000003,
    "tcp|65536|latency": 12.64,
    "tcp|131072|throughput": 18664.44,
    "tcp|131072|latency": 18.15,
    "tcp|262144|throughput": 9630.475,
    "tcp|262144|latency": 30.045,
    "inproc|64|throughput": 6725240.48,
    "inproc|64|latency": 0.08,
    "inproc|256|throughput": 5186029.115,
    "inproc|256|latency": 0.08,
    "inproc|1024|throughput": 2882795.69,
    "inproc|1024|latency": 0.095,
    "inproc|65536|throughput": 149967.11,
    "inproc|65536|latency": 1.96,
    "inproc|131072|throughput": 101364.6,
    "inproc|131072|latency": 3.4450000000000003,
    "inproc|262144|throughput": 62874.895000000004,
    "inproc|262144|latency": 6.74,
    "ipc|64|throughput": 4275765.205,
    "ipc|64|latency": 4.4399999999999995,
    "ipc|256|throughput": 2753244.42,
    "ipc|256|latency": 4.550000000000001,
    "ipc|1024|throughput": 978033.31,
    "ipc|1024|latency": 4.525,
    "ipc|65536|throughput": 30909.239999999998,
    "ipc|65536|latency": 12.51,
    "ipc|131072|throughput": 16834.684999999998,
    "ipc|131072|latency": 19.155,
    "ipc|262144|throughput": 10196.775000000001,
    "ipc|262144|latency": 29.775
  },
  "PUBSUB": {
    "tcp|64|throughput": 4016610.285,
    "tcp|64|latency": 0.25,
    "tcp|256|throughput": 2318016.915,
    "tcp|256|latency": 0.435,
    "tcp|1024|throughput": 862567.6699999999,
    "tcp|1024|latency": 1.16,
    "tcp|65536|throughput": 29474.78,
    "tcp|65536|latency": 33.97,
    "tcp|131072|throughput": 15585.965,
    "tcp|131072|latency": 64.18,
    "tcp|262144|throughput": 10034.305,
    "tcp|262144|latency": 99.67,
    "inproc|64|throughput": 5837612.77,
    "inproc|64|latency": 0.17,
    "inproc|256|throughput": 4725017.305,
    "inproc|256|latency": 0.21,
    "inproc|1024|throughput": 2603717.4000000004,
    "inproc|1024|latency": 0.385,
    "inproc|65536|throughput": 146922.18,
    "inproc|65536|latency": 6.81,
    "inproc|131072|throughput": 101202.07,
    "inproc|131072|latency": 9.879999999999999,
    "inproc|262144|throughput": 60383.740000000005,
    "inproc|262144|latency": 16.560000000000002,
    "ipc|64|throughput": 4115646.125,
    "ipc|64|latency": 0.24,
    "ipc|256|throughput": 2184805.85,
    "ipc|256|latency": 0.455,
    "ipc|1024|throughput": 856147.94,
    "ipc|1024|latency": 1.165,
    "ipc|65536|throughput": 28786.54,
    "ipc|65536|latency": 34.754999999999995,
    "ipc|131072|throughput": 17010.965,
    "ipc|131072|latency": 58.8,
    "ipc|262144|throughput": 9394.895,
    "ipc|262144|latency": 106.46000000000001
  },
  "DEALER_DEALER": {
    "tcp|64|throughput": 4524308.945,
    "tcp|64|latency": 4.865,
    "tcp|256|throughput": 2461853.545,
    "tcp|256|latency": 4.96,
    "tcp|1024|throughput": 882158.24,
    "tcp|1024|latency": 5.095,
    "tcp|65536|throughput": 33209.4,
    "tcp|65536|latency": 12.485,
    "tcp|131072|throughput": 18036.625,
    "tcp|131072|latency": 18.525,
    "tcp|262144|throughput": 9419.01,
    "tcp|262144|latency": 30.45,
    "inproc|64|throughput": 6334814.640000001,
    "inproc|64|latency": 0.08,
    "inproc|256|throughput": 5070898.73,
    "inproc|256|latency": 0.08,
    "inproc|1024|throughput": 2770458.615,
    "inproc|1024|latency": 0.1,
    "inproc|65536|throughput": 150806.47999999998,
    "inproc|65536|latency": 1.93,
    "inproc|131072|throughput": 99312.41,
    "inproc|131072|latency": 3.51,
    "inproc|262144|throughput": 60955.69,
    "inproc|262144|latency": 6.805,
    "ipc|64|throughput": 4600430.755,
    "ipc|64|latency": 4.36,
    "ipc|256|throughput": 2727310.245,
    "ipc|256|latency": 4.4,
    "ipc|1024|throughput": 946771.155,
    "ipc|1024|latency": 4.65,
    "ipc|65536|throughput": 31419.115,
    "ipc|65536|latency": 12.155000000000001,
    "ipc|131072|throughput": 18583.620000000003,
    "ipc|131072|latency": 18.009999999999998,
    "ipc|262144|throughput": 10324.994999999999,
    "ipc|262144|latency": 29.515
  },
  "DEALER_ROUTER": {
    "tcp|64|throughput": 3461223.04,
    "tcp|64|latency": 5.06,
    "tcp|256|throughput": 2180820.73,
    "tcp|256|latency": 5.0649999999999995,
    "tcp|1024|throughput": 852331.365,
    "tcp|1024|latency": 5.085,
    "tcp|65536|throughput": 31890.205,
    "tcp|65536|latency": 12.645,
    "tcp|131072|throughput": 16031.965,
    "tcp|131072|latency": 18.355,
    "tcp|262144|throughput": 9630.16,
    "tcp|262144|latency": 30.895,
    "inproc|64|throughput": 6459227.13,
    "inproc|64|latency": 0.11,
    "inproc|256|throughput": 5325835.945,
    "inproc|256|latency": 0.11,
    "inproc|1024|throughput": 2776663.2199999997,
    "inproc|1024|latency": 0.12,
    "inproc|65536|throughput": 143627.40000000002,
    "inproc|65536|latency": 1.9249999999999998,
    "inproc|131072|throughput": 100346.8,
    "inproc|131072|latency": 3.62,
    "inproc|262144|throughput": 62479.33,
    "inproc|262144|latency": 7.165,
    "ipc|64|throughput": 3785673.715,
    "ipc|64|latency": 4.455,
    "ipc|256|throughput": 2476634.98,
    "ipc|256|latency": 4.555,
    "ipc|1024|throughput": 932943.38,
    "ipc|1024|latency": 4.85,
    "ipc|65536|throughput": 33347.695,
    "ipc|65536|latency": 12.05,
    "ipc|131072|throughput": 18963.79,
    "ipc|131072|latency": 18.259999999999998,
    "ipc|262144|throughput": 10105.555,
    "ipc|262144|latency": 30.4
  },
  "ROUTER_ROUTER": {
    "tcp|64|throughput": 3342851.87,
    "tcp|64|latency": 4.09,
    "tcp|256|throughput": 2105121.145,
    "tcp|256|latency": 4.145,
    "tcp|1024|throughput": 820660.11,
    "tcp|1024|latency": 4.27,
    "tcp|65536|throughput": 30211.595,
    "tcp|65536|latency": 12.215,
    "tcp|131072|throughput": 17496.144999999997,
    "tcp|131072|latency": 17.994999999999997,
    "tcp|262144|throughput": 10395.11,
    "tcp|262144|latency": 38.769999999999996,
    "inproc|64|throughput": 5067132.95,
    "inproc|64|latency": 0.17,
    "inproc|256|throughput": 4450521.775,
    "inproc|256|latency": 0.17,
    "inproc|1024|throughput": 2613526.88,
    "inproc|1024|latency": 0.19,
    "inproc|65536|throughput": 144849.42,
    "inproc|65536|latency": 2.03,
    "inproc|131072|throughput": 97289.39499999999,
    "inproc|131072|latency": 3.8,
    "inproc|262144|throughput": 63487.585,
    "inproc|262144|latency": 7.045,
    "ipc|64|throughput": 3516663.89,
    "ipc|64|latency": 3.6550000000000002,
    "ipc|256|throughput": 2255820.955,
    "ipc|256|latency": 3.71,
    "ipc|1024|throughput": 956829.4299999999,
    "ipc|1024|latency": 3.825,
    "ipc|65536|throughput": 32278.95,
    "ipc|65536|latency": 12.96,
    "ipc|131072|throughput": 17698.135000000002,
    "ipc|131072|latency": 22.130000000000003,
    "ipc|262144|throughput": 10107.34,
    "ipc|262144|latency": 36.975
  },
  "ROUTER_ROUTER_POLL": {
    "tcp|64|throughput": 3229545.585,
    "tcp|64|latency": 4.555,
    "tcp|256|throughput": 2068173.28,
    "tcp|256|latency": 4.605,
    "tcp|1024|throughput": 820980.7,
    "tcp|1024|latency": 4.65,
    "tcp|65536|throughput": 30045.895,
    "tcp|65536|latency": 12.215,
    "tcp|131072|throughput": 19169.175000000003,
    "tcp|131072|latency": 18.185000000000002,
    "tcp|262144|throughput": 10033.435000000001,
    "tcp|262144|latency": 38.739999999999995,
    "inproc|64|throughput": 5202813.640000001,
    "inproc|64|latency": 0.535,
    "inproc|256|throughput": 4434771.09,
    "inproc|256|latency": 0.53,
    "inproc|1024|throughput": 2552317.62,
    "inproc|1024|latency": 0.57,
    "inproc|65536|throughput": 119565.95000000001,
    "inproc|65536|latency": 2.455,
    "inproc|131072|throughput": 86759.26999999999,
    "inproc|131072|latency": 4.23,
    "inproc|262144|throughput": 56060.625,
    "inproc|262144|latency": 7.6,
    "ipc|64|throughput": 3593847.8600000003,
    "ipc|64|latency": 4.095,