{
  "PAIR": {
    "tcp|64|throughput": 6032390.26,
    "tcp|64|latency": 37.625,
    "tcp|256|throughput": 2575925.925,
    "tcp|256|latency": 38.355000000000004,
    "tcp|1024|throughput": 1034441.9650000001,
    "tcp|1024|latency": 37.2,
    "tcp|65536|throughput": 70367.03,
    "tcp|65536|latency": 57.29,
    "tcp|131072|throughput": 44372.04,
    "tcp|131072|latency": 67.50999999999999,
    "tcp|262144|throughput": 25404.185,
    "tcp|262144|latency": 95.265,
    "inproc|64|throughput": 6094943.335,
    "inproc|64|latency": 0.07,
    "inproc|256|throughput": 5630389.37,
    "inproc|256|latency": 0.08,
    "inproc|1024|throughput": 2266394.63,
    "inproc|1024|latency": 0.09,
    "inproc|65536|throughput": 162896.245,
    "inproc|65536|latency": 1.9,
    "inproc|131072|throughput": 86550.03,
    "inproc|131072|latency": 3.365,
    "inproc|262144|throughput": 48645.115000000005,
    "inproc|262144|latency": 6.605,
    "ipc|64|throughput": 6147699.09,
    "ipc|64|latency": 35.025,
    "ipc|256|throughput": 2788003.79,
    "ipc|256|latency": 34.535,
    "ipc|1024|throughput": 1128249.0350000001,
    "ipc|1024|latency": 36.195,
    "ipc|65536|throughput": 68606.31,
    "ipc|65536|latency": 55.82,
    "ipc|131072|throughput": 41342.09,
    "ipc|131072|latency": 68.73,
    "ipc|262144|throughput": 23182.975,
    "ipc|262144|latency": 88.305
  },
  "PUBSUB": {
    "tcp|64|throughput": 5566831.98,
    "tcp|64|latency": 0.18,
    "tcp|256|throughput": 2542300.67,
    "tcp|256|latency": 0.395,
    "tcp|1024|throughput": 1012266.065,
    "tcp|1024|latency": 0.99,
    "tcp|65536|throughput": 68390.05,
    "tcp|65536|latency": 14.625,
    "tcp|131072|throughput": 44487.92,
    "tcp|131072|latency": 22.475,
    "tcp|262144|throughput": 25653.18,
    "tcp|262144|latency": 38.980000000000004,
    "inproc|64|throughput": 5635695.74,
    "inproc|64|latency": 0.18,
    "inproc|256|throughput": 4507217.6,
    "inproc|256|latency": 0.22,
    "inproc|1024|throughput": 2072822.1,
    "inproc|1024|latency": 0.48,
    "inproc|65536|throughput": 165898.13,
    "inproc|65536|latency": 6.025,
    "inproc|131072|throughput": 88567.9,
    "inproc|131072|latency": 11.29,
    "inproc|262144|throughput": 64101.39,
    "inproc|262144|latency": 15.6,
    "ipc|64|throughput": 4998504.535,
    "ipc|64|latency": 0.2,
    "ipc|256|throughput": 2612705.67,
    "ipc|256|latency": 0.38,
    "ipc|1024|throughput": 1119792.7650000001,
    "ipc|1024|latency": 0.89,
    "ipc|65536|throughput": 69631.405,
    "ipc|65536|latency": 14.36,
    "ipc|131072|throughput": 41325.345,
    "ipc|131072|latency": 24.2,
    "ipc|262144|throughput": 23121.35,
    "ipc|262144|latency": 43.25
  },
  "DEALER_DEALER": {
    "tcp|64|throughput": 6056176.65,
    "tcp|64|latency": 37.135000000000005,
    "tcp|256|throughput": 2613350.995,
    "tcp|256|latency": 37.06,
    "tcp|1024|throughput": 1028291.175,
    "tcp|1024|latency": 38.89,
    "tcp|65536|throughput": 71701.26,
    "tcp|65536|latency": 55.61,
    "tcp|131072|throughput": 45076.100000000006,
    "tcp|131072|latency": 68.63499999999999,
    "tcp|262144|throughput": 25932.53,
    "tcp|262144|latency": 90.995,
    "inproc|64|throughput": 6089192.745,
    "inproc|64|latency": 0.08,
    "inproc|256|throughput": 5216809.98,
    "inproc|256|latency": 0.08,
    "inproc|1024|throughput": 2272043.65,
    "inproc|1024|latency": 0.1,
    "inproc|65536|throughput": 189247.13,
    "inproc|65536|latency": 1.9049999999999998,
    "inproc|131072|throughput": 117708.31,
    "inproc|131072|latency": 3.415,
    "inproc|262144|throughput": 51744.74,
    "inproc|262144|latency": 6.645,
    "ipc|64|throughput": 5918003.244999999,
    "ipc|64|latency": 36.275,
    "ipc|256|throughput": 2752749.6550000003,
    "ipc|256|latency": 34.965,
    "ipc|1024|throughput": 1123618.6099999999,
    "ipc|1024|latency": 34.89,
    "ipc|65536|throughput": 70941.97,
    "ipc|65536|latency": 55.875,
    "ipc|131072|throughput": 41739.22,
    "ipc|131072|latency": 64.02,
    "ipc|262144|throughput": 22662.455,
    "ipc|262144|latency": 87.14500000000001
  },
  "DEALER_ROUTER": {
    "tcp|64|throughput": 5541015.535,
    "tcp|64|latency": 38.0,
    "tcp|256|throughput": 2607259.915,
    "tcp|256|latency": 38.165000000000006,
    "tcp|1024|throughput": 1035233.49,
    "tcp|1024|latency": 38.555,
    "tcp|65536|throughput": 68086.125,
    "tcp|65536|latency": 56.16,
    "tcp|131072|throughput": 43935.475,
    "tcp|131072|latency": 69.725,
    "tcp|262144|throughput": 25886.435,
    "tcp|262144|latency": 93.2,
    "inproc|64|throughput": 5382382.095000001,
    "inproc|64|latency": 0.11,
    "inproc|256|throughput": 3889382.84,
    "inproc|256|latency": 0.11,
    "inproc|1024|throughput": 1914546.605,
    "inproc|1024|latency": 0.12,
    "inproc|65536|throughput": 160645.485,
    "inproc|65536|latency": 1.86,
    "inproc|131072|throughput": 87664.275,
    "inproc|131072|latency": 3.54,
    "inproc|262144|throughput": 42741.92,
    "inproc|262144|latency": 6.825,
    "ipc|64|throughput": 5608845.324999999,
    "ipc|64|latency": 34.010000000000005,
    "ipc|256|throughput": 2782737.7800000003,
    "ipc|256|latency": 34.48,
    "ipc|1024|throughput": 1137846.8900000001,
    "ipc|1024|latency": 34.65,
    "ipc|65536|throughput": 70307.77,
    "ipc|65536|latency": 53.68000000000001,
    "ipc|131072|throughput": 41947.854999999996,
    "ipc|131072|latency": 64.465,
    "ipc|262144|throughput": 22739.285,
    "ipc|262144|latency": 93.13
  },
  "ROUTER_ROUTER": {
    "tcp|64|throughput": 5253793.34,
    "tcp|64|latency": 20.78,
    "tcp|256|throughput": 2397353.3499999996,
    "tcp|256|latency": 20.365000000000002,
    "tcp|1024|throughput": 999508.165,
    "tcp|1024|latency": 21.54,
    "tcp|65536|throughput": 69187.93,
    "tcp|65536|latency": 31.91,
    "tcp|131072|throughput": 45184.905,
    "tcp|131072|latency": 40.685,
    "tcp|262144|throughput": 26329.675,
    "tcp|262144|latency": 86.695,
    "inproc|64|throughput": 4786826.3149999995,
    "inproc|64|latency": 0.16,
    "inproc|256|throughput": 3384636.6550000003,
    "inproc|256|latency": 0.16,
    "inproc|1024|throughput": 1803517.26,
    "inproc|1024|latency": 0.18,
    "inproc|65536|throughput": 172656.35,
    "inproc|65536|latency": 1.99,
    "inproc|131072|throughput": 96871.82,
    "inproc|131072|latency": 3.6550000000000002,
    "inproc|262144|throughput": 43584.145000000004,
    "inproc|262144|latency": 6.795,
    "ipc|64|throughput": 5162042.595000001,
    "ipc|64|latency": 18.515,
    "ipc|256|throughput": 2469401.35,
    "ipc|256|latency": 18.57,
    "ipc|1024|throughput": 1085490.885,
    "ipc|1024|latency": 18.965,
    "ipc|65536|throughput": 70726.79999999999,
    "ipc|65536|latency": 31.715,
    "ipc|131072|throughput": 42433.62,
    "ipc|131072|latency": 40.525000000000006,
    "ipc|262144|throughput": 23145.96,
    "ipc|262144|latency": 87.66
  },
  "ROUTER_ROUTER_POLL": {
    "tcp|64|throughput": 4043022.9299999997,
    "tcp|64|latency": 21.134999999999998,
    "tcp|256|throughput": 2361298.775,
    "tcp|256|latency": 21.22,
    "tcp|1024|throughput": 1010057.9450000001,
    "tcp|1024|latency": 21.335,
    "tcp|65536|throughput": 71566.92,
    "tcp|65536|latency": 32.025,
    "tcp|131072|throughput": 45995.380000000005,
    "tcp|131072|latency": 43.7,
    "tcp|262144|throughput": 25050.09,
    "tcp|262144|latency": 86.855,
    "inproc|64|throughput": 3866056.7199999997,
    "inproc|64|latency": 0.52,
    "inproc|256|throughput": 3330234.575,
    "inproc|256|latency": 0.51,
    "inproc|1024|throughput": 1749945.06,
    "inproc|1024|latency": 0.54,
    "inproc|65536|throughput": 191364.05,
    "inproc|65536|latency": 2.34,
    "inproc|131072|throughput": 102148.98,
    "inproc|131072|latency": 4.109999999999999,
    "inproc|262144|throughput": 48131.58,
    "inproc|262144|latency": 7.27,
    "ipc|64|throughput": 4951092.135,
    "ipc|64|latency": 19.104999999999997,
    "ipc|256|throughput": 2451521.2249999996,