{
  "PAIR": {
    "tcp|64|throughput": 5147791.141249999,
    "tcp|64|latency": 26.85375,
    "tcp|256|throughput": 2250724.0437499997,
    "tcp|256|latency": 28.103749999999998,
    "tcp|1024|throughput": 684274.77,
    "tcp|1024|latency": 27.62,
    "tcp|65536|throughput": 32103.93,
    "tcp|65536|latency": 104.65625,
    "tcp|131072|throughput": 21273.65625,
    "tcp|131072|latency": 156.07125,
    "tcp|262144|throughput": 10308.29375,
    "tcp|262144|latency": 438.00625,
    "inproc|64|throughput": 9149298.21,
    "inproc|64|latency": 0.0925,
    "inproc|256|throughput": 7856294.76125,
    "inproc|256|latency": 0.11625,
    "inproc|1024|throughput": 5726469.77,
    "inproc|1024|latency": 0.14375000000000002,
    "inproc|65536|throughput": 86431.8325,
    "inproc|65536|latency": 14.5425,
    "inproc|131072|throughput": 63689.50125,
    "inproc|131072|latency": 20.785,
    "inproc|262144|throughput": 33520.82875,
    "inproc|262144|latency": 46.6275
  },
  "PUBSUB": {
    "tcp|64|throughput": 5158582.76625,
    "tcp|64|latency": 0.19375,
    "tcp|256|throughput": 2203452.84875,
    "tcp|256|latency": 0.45375,
    "tcp|1024|throughput": 706630.25375,
    "tcp|1024|latency": 1.4175,
    "tcp|65536|throughput": 30867.40375,
    "tcp|65536|latency": 32.42875,
    "tcp|131072|throughput": 18717.60875,
    "tcp|131072|latency": 53.4875,
    "tcp|262144|throughput": 10385.82,
    "tcp|262144|latency": 96.31375,
    "inproc|64|throughput": 8357051.53375,
    "inproc|64|latency": 0.1225,
    "inproc|256|throughput": 7478217.7787500005,
    "inproc|256|latency": 0.13625,
    "inproc|1024|throughput": 5340246.10125,
    "inproc|1024|latency": 0.19,
    "inproc|65536|throughput": 74981.4425,
    "inproc|65536|latency": 13.34,
    "inproc|131072|throughput": 55092.32125,
    "inproc|131072|latency": 18.16375,
    "inproc|262144|throughput": 29303.69625,
    "inproc|262144|latency": 34.16375
  },
  "DEALER_DEALER": {
    "tcp|64|throughput": 4716585.01125,
    "tcp|64|latency": 31.35125,
    "tcp|256|throughput": 2160831.01375,
    "tcp|256|latency": 28.322499999999998,
    "tcp|1024|throughput": 653045.0,
    "tcp|1024|latency": 29.3975,
    "tcp|65536|throughput": 33122.19625,
    "tcp|65536|latency": 102.77625,
    "tcp|131072|throughput": 20383.075,
    "tcp|131072|latency": 149.05,
    "tcp|262144|throughput": 10958.9475,
    "tcp|262144|latency": 372.0125,
    "inproc|64|throughput": 9576854.69125,
    "inproc|64|latency": 0.09,
    "inproc|256|throughput": 8145678.55625,
    "inproc|256|latency": 0.1325,
    "inproc|1024|throughput": 6180752.24375,
    "inproc|1024|latency": 0.14625,
    "inproc|65536|throughput": 86416.72375,
    "inproc|65536|latency": 10.665,
    "inproc|131072|throughput": 61157.74625,
    "inproc|131072|latency": 24.6875,
    "inproc|262144|throughput": 33827.84875,
    "inproc|262144|latency": 37.4725
  },
  "DEALER_ROUTER": {
    "tcp|64|throughput": 4812655.4525,
    "tcp|64|latency": 29.415,
    "tcp|256|throughput": 2021923.72,
    "tcp|256|latency": 28.505,
    "tcp|1024|throughput": 676843.4462499999,
    "tcp|1024|latency": 28.4975,
    "tcp|65536|throughput": 27280.905,
    "tcp|65536|latency": 83.19,
    "tcp|131072|throughput": 20327.916250000002,
    "tcp|131072|latency": 103.09625,
    "tcp|262144|throughput": 10431.09,
    "tcp|262144|latency": 210.92125000000001,
    "inproc|64|throughput": 7845736.6175,
    "inproc|64|latency": 0.12,
    "inproc|256|throughput": 7402121.005,
    "inproc|256|latency": 0.11,
    "inproc|1024|throughput": 4917314.9825,
    "inproc|1024|latency": 0.12625,
    "inproc|65536|throughput": 42910.0675,
    "inproc|65536|latency": 10.27875,
    "inproc|131072|throughput": 31466.01625,
    "inproc|131072|latency": 7.3025,
    "inproc|262144|throughput": 18218.88,
    "inproc|262144|latency": 22.10125
  },
  "ROUTER_ROUTER": {
    "tcp|64|throughput": 4698660.77,
    "tcp|64|latency": 18.92875,
    "tcp|256|throughput": 2001090.65875,
    "tcp|256|latency": 18.9975,
    "tcp|1024|throughput": 654019.62125,
    "tcp|1024|latency": 18.70375,
    "tcp|65536|throughput": 30366.48875,
    "tcp|65536|latency": 106.685,
    "tcp|131072|throughput": 19676.405,
    "tcp|131072|latency": 125.47375,
    "tcp|262144|throughput": 10549.56375,
    "tcp|262144|latency": 286.10125,
    "inproc|64|throughput": 8242528.16875,
    "inproc|64|latency": 0.14875,
    "inproc|256|throughput": 7878915.96875,
    "inproc|256|latency": 0.17875,
    "inproc|1024|throughput": 4925056.6975,
    "inproc|1024|latency": 0.20124999999999998,
    "inproc|65536|throughput": 79096.88,
    "inproc|65536|latency": 15.1575,
    "inproc|131072|throughput": 54447.979999999996,
    "inproc|131072|latency": 9.85625,
    "inproc|262144|throughput": 29700.99625,
    "inproc|262144|latency": 52.31375
  }
}