{
  "PAIR": {
    "tcp|64|throughput": 5901814.01625,
    "tcp|64|latency": 4.99375,
    "tcp|256|throughput": 3597132.6462499998,
    "tcp|256|latency": 5.025,
    "tcp|1024|throughput": 1358176.72125,
    "tcp|1024|latency": 5.18875,
    "tcp|65536|throughput": 36831.46125,
    "tcp|65536|latency": 12.85125,
    "tcp|131072|throughput": 18445.915,
    "tcp|131072|latency": 18.59,
    "tcp|262144|throughput": 10107.34875,
    "tcp|262144|latency": 30.77625,
    "inproc|64|throughput": 7926914.7775,
    "inproc|64|latency": 0.07125000000000001,
    "inproc|256|throughput": 7978921.865,
    "inproc|256|latency": 0.07250000000000001,
    "inproc|1024|throughput": 4714163.39375,
    "inproc|1024|latency": 0.09,
    "inproc|65536|throughput": 151182.36625,
    "inproc|65536|latency": 2.0775,
    "inproc|131072|throughput": 103405.54125,
    "inproc|131072|latency": 3.5949999999999998,
    "inproc|262144|throughput": 63315.49625,
    "inproc|262144|latency": 7.00375,
    "ipc|64|throughput": 6197265.52375,
    "ipc|64|latency": 4.46125,
    "ipc|256|throughput": 3932645.9475,
    "ipc|256|latency": 4.5175,
    "ipc|1024|throughput": 1620773.03125,
    "ipc|1024|latency": 4.5575,
    "ipc|65536|throughput": 37275.58625,
    "ipc|65536|latency": 12.463750000000001,
    "ipc|131072|throughput": 19567.34,
    "ipc|131072|latency": 18.8,
    "ipc|262144|throughput": 10297.45125,
    "ipc|262144|latency": 30.173750000000002
  },
  "PUBSUB": {
    "tcp|64|throughput": 3978887.53125,
    "tcp|64|latency": 0.2525,
    "tcp|256|throughput": 2332622.125,
    "tcp|256|latency": 0.43,
    "tcp|1024|throughput": 867617.52875,
    "tcp|1024|latency": 1.145,
    "tcp|65536|throughput": 30019.215,
    "tcp|65536|latency": 33.36,
    "tcp|131072|throughput": 17150.318750000002,
    "tcp|131072|latency": 58.4575,
    "tcp|262144|throughput": 9745.68375,
    "tcp|262144|latency": 102.6625,
    "inproc|64|throughput": 5880743.9925,
    "inproc|64|latency": 0.17,
    "inproc|256|throughput": 4709346.49625,
    "inproc|256|latency": 0.2125,
    "inproc|1024|throughput": 2626314.14625,
    "inproc|1024|latency": 0.38125,
    "inproc|65536|throughput": 147062.44874999998,
    "inproc|65536|latency": 6.80125,
    "inproc|131072|throughput": 102365.15875,
    "inproc|131072|latency": 9.76875,
    "inproc|262144|throughput": 61542.37375,
    "inproc|262144|latency": 16.24875,
    "ipc|64|throughput": 4130420.55875,
    "ipc|64|latency": 0.24125,
    "ipc|256|throughput": 2486300.6025,
    "ipc|256|latency": 0.40249999999999997,
    "ipc|1024|throughput": 939925.605,
    "ipc|1024|latency": 1.06375,
    "ipc|65536|throughput": 29288.59,
    "ipc|65536|latency": 34.15625,
    "ipc|131072|throughput": 16597.66125,
    "ipc|131072|latency": 59.69625,
    "ipc|262144|throughput": 9271.42125,
    "ipc|262144|latency": 107.905
  },
  "DEALER_DEALER": {
    "tcp|64|throughput": 5655082.5475,
    "tcp|64|latency": 5.1325,
    "tcp|256|throughput": 3485725.67125,
    "tcp|256|latency": 5.074999999999999,
    "tcp|1024|throughput": 1358478.675,
    "tcp|1024|latency": 5.19125,
    "tcp|65536|throughput": 24661.35,
    "tcp|65536|latency": 12.8375,
    "tcp|131072|throughput": 17836.88375,
    "tcp|131072|latency": 19.02375,
    "tcp|262144|throughput": 10286.67125,
    "tcp|262144|latency": 30.91375,
    "inproc|64|throughput": 7535650.9425,
    "inproc|64|latency": 0.08,
    "inproc|256|throughput": 7591238.9712499995,
    "inproc|256|latency": 0.08,
    "inproc|1024|throughput": 4639836.342499999,
    "inproc|1024|latency": 0.1,
    "inproc|65536|throughput": 148341.05125,
    "inproc|65536|latency": 2.085,
    "inproc|131072|throughput": 99002.3225,
    "inproc|131072|latency": 3.7125,
    "inproc|262144|throughput": 59768.10125,
    "inproc|262144|latency": 7.0825,
    "ipc|64|throughput": 5994880.96125,
    "ipc|64|latency": 4.4575000000000005,
    "ipc|256|throughput": 3848103.07875,
    "ipc|256|latency": 4.53625,
    "ipc|1024|throughput": 1593440.635,
    "ipc|1024|latency": 4.63875,
    "ipc|65536|throughput": 35842.7725,
    "ipc|65536|latency": 13.0125,
    "ipc|131072|throughput": 19211.4825,
    "ipc|131072|latency": 18.98375,
    "ipc|262144|throughput": 9883.615,
    "ipc|262144|latency": 31.5225
  },
  "DEALER_ROUTER": {
    "tcp|64|throughput": 4395555.06375,
    "tcp|64|latency": 5.09375,
    "tcp|256|throughput": 2956396.3725,
    "tcp|256|latency": 5.17,
    "tcp|1024|throughput": 1235870.675,
    "tcp|1024|latency": 5.31,
    "tcp|65536|throughput": 23024.5225,
    "tcp|65536|latency": 12.84125,
    "tcp|131072|throughput": 13587.8375,
    "tcp|131072|latency": 19.54,
    "tcp|262144|throughput": 8364.33,
    "tcp|262144|latency": 31.97875,
    "inproc|64|throughput": 6585783.49375,
    "inproc|64|latency": 0.11,
    "inproc|256|throughput": 6230676.67625,
    "inproc|256|latency": 0.11125,
    "inproc|1024|throughput": 3784050.2125,
    "inproc|1024|latency": 0.1275,
    "inproc|65536|throughput": 126881.07375,
    "inproc|65536|latency": 2.0175,
    "inproc|131072|throughput": 86082.28625,
    "inproc|131072|latency": 3.80375,
    "inproc|262144|throughput": 56667.015,
    "inproc|262144|latency": 7.43375,
    "ipc|64|throughput": 4485215.10875,
    "ipc|64|latency": 4.59875,
    "ipc|256|throughput": 3255854.7800000003,
    "ipc|256|latency": 4.6975,
    "ipc|1024|throughput": 1425581.90625,
    "ipc|1024|latency": 4.71,
    "ipc|65536|throughput": 23635.2975,
    "ipc|65536|latency": 12.65,
    "ipc|131072|throughput": 13535.0525,
    "ipc|131072|latency": 19.29625,
    "ipc|262144|throughput": 8056.72,
    "ipc|262144|latency": 32.18625
  },
  "ROUTER_ROUTER": {
    "tcp|64|throughput": 3962603.3725,
    "tcp|64|latency": 4.2625,
    "tcp|256|throughput": 2793412.25375,
    "tcp|256|latency": 4.40125,
    "tcp|1024|throughput": 1183231.7375,
    "tcp|1024|latency": 4.51875,
    "tcp|65536|throughput": 36419.40375,
    "tcp|65536|latency": 11.855,
    "tcp|131072|throughput": 19970.3175,
    "tcp|131072|latency": 19.04125,
    "tcp|262144|throughput": 10146.16625,
    "tcp|262144|latency": 40.823750000000004,
    "inproc|64|throughput": 4692573.78125,
    "inproc|64|latency": 0.16,
    "inproc|256|throughput": 4806826.2162500005,
    "inproc|256|latency": 0.16,
    "inproc|1024|throughput": 3256265.8137499997,
    "inproc|1024|latency": 0.18375,
    "inproc|65536|throughput": 145789.565,
    "inproc|65536|latency": 2.11625,
    "inproc|131072|throughput": 82427.695,
    "inproc|131072|latency": 3.98875,
    "inproc|262144|throughput": 60697.69625,
    "inproc|262144|latency": 7.4075,
    "ipc|64|throughput": 4067066.22,
    "ipc|64|latency": 3.72375,
    "ipc|256|throughput": 3142843.50375,
    "ipc|256|latency": 3.8325,
    "ipc|1024|throughput": 1411033.98375,
    "ipc|1024|latency": 3.905,
    "ipc|65536|throughput": 35475.69,
    "ipc|65536|latency": 13.43625,
    "ipc|131072|throughput": 20247.11125,
    "ipc|131072|latency": 27.5125,
    "ipc|262144|throughput": 11078.1825,
    "ipc|262144|latency": 39.03625
  }
}