{
  "PAIR": {
    "tcp|64|throughput": 5411006.65,
    "tcp|64|latency": 37.7025,
    "tcp|256|throughput": 3085302.39,
    "tcp|256|latency": 30.14375,
    "tcp|1024|throughput": 1364938.6775,
    "tcp|1024|latency": 31.51125,
    "tcp|65536|throughput": 79045.5475,
    "tcp|65536|latency": 49.595,
    "tcp|131072|throughput": 49433.1125,
    "tcp|131072|latency": 62.150000000000006,
    "tcp|262144|throughput": 26881.45,
    "tcp|262144|latency": 84.235,
    "inproc|64|throughput": 5994150.3774999995,
    "inproc|64|latency": 0.07,
    "inproc|256|throughput": 5157323.81375,
    "inproc|256|latency": 0.07500000000000001,
    "inproc|1024|throughput": 3404905.61625,
    "inproc|1024|latency": 0.09,
    "inproc|65536|throughput": 140685.6775,
    "inproc|65536|latency": 1.98125,
    "inproc|131072|throughput": 85107.41374999999,
    "inproc|131072|latency": 3.4875,
    "inproc|262144|throughput": 49782.46625,
    "inproc|262144|latency": 6.84875,
    "ipc|64|throughput": 5628823.3100000005,
    "ipc|64|latency": 30.185000000000002,
    "ipc|256|throughput": 3139895.8775,
    "ipc|256|latency": 28.30125,
    "ipc|1024|throughput": 1523698.35125,
    "ipc|1024|latency": 28.75125,
    "ipc|65536|throughput": 78588.1275,
    "ipc|65536|latency": 45.9725,
    "ipc|131072|throughput": 44496.37625,
    "ipc|131072|latency": 58.02375,
    "ipc|262144|throughput": 24662.015,
    "ipc|262144|latency": 79.94375
  },
  "PUBSUB": {
    "tcp|64|throughput": 5536018.52375,
    "tcp|64|latency": 0.18,
    "tcp|256|throughput": 2589922.7925,
    "tcp|256|latency": 0.385,
    "tcp|1024|throughput": 988137.61,
    "tcp|1024|latency": 1.01375,
    "tcp|65536|throughput": 72736.07250000001,
    "tcp|65536|latency": 13.91625,
    "tcp|131072|throughput": 48567.47,
    "tcp|131072|latency": 20.603749999999998,
    "tcp|262144|throughput": 27499.02,
    "tcp|262144|latency": 36.433749999999996,
    "inproc|64|throughput": 5571538.5287500005,
    "inproc|64|latency": 0.1775,
    "inproc|256|throughput": 4437836.96875,
    "inproc|256|latency": 0.225,
    "inproc|1024|throughput": 2152077.44,
    "inproc|1024|latency": 0.46875,
    "inproc|65536|throughput": 137984.21875,
    "inproc|65536|latency": 7.43625,
    "inproc|131072|throughput": 83647.01125,
    "inproc|131072|latency": 12.0075,
    "inproc|262144|throughput": 63273.46125,
    "inproc|262144|latency": 15.876249999999999,
    "ipc|64|throughput": 5433838.47625,
    "ipc|64|latency": 0.1825,
    "ipc|256|throughput": 2675838.0300000003,
    "ipc|256|latency": 0.37375,
    "ipc|1024|throughput": 999656.105,
    "ipc|1024|latency": 1.00375,
    "ipc|65536|throughput": 71209.95125,
    "ipc|65536|latency": 14.120000000000001,
    "ipc|131072|throughput": 44008.62,
    "ipc|131072|latency": 22.76625,
    "ipc|262144|throughput": 23680.08125,
    "ipc|262144|latency": 42.25875
  },
  "DEALER_DEALER": {
    "tcp|64|throughput": 5472333.74,
    "tcp|64|latency": 32.24125,
    "tcp|256|throughput": 3054337.13,
    "tcp|256|latency": 30.63875,
    "tcp|1024|throughput": 1319334.05875,
    "tcp|1024|latency": 32.1875,
    "tcp|65536|throughput": 81616.42125,
    "tcp|65536|latency": 50.7425,
    "tcp|131072|throughput": 51502.68375,
    "tcp|131072|latency": 62.17125,
    "tcp|262144|throughput": 28019.99375,
    "tcp|262144|latency": 83.4025,
    "inproc|64|throughput": 5749314.0975,
    "inproc|64|latency": 0.07,
    "inproc|256|throughput": 5036100.10125,
    "inproc|256|latency": 0.07500000000000001,
    "inproc|1024|throughput": 3258595.0012499997,
    "inproc|1024|latency": 0.0975,
    "inproc|65536|throughput": 193753.98125,
    "inproc|65536|latency": 1.97875,
    "inproc|131072|throughput": 127842.23375,
    "inproc|131072|latency": 3.58,
    "inproc|262144|throughput": 49755.815,
    "inproc|262144|latency": 6.92125,
    "ipc|64|throughput": 5574144.9325,
    "ipc|64|latency": 29.42625,
    "ipc|256|throughput": 3153627.4325,
    "ipc|256|latency": 29.43875,
    "ipc|1024|throughput": 1523742.96125,
    "ipc|1024|latency": 29.265,
    "ipc|65536|throughput": 80537.4675,
    "ipc|65536|latency": 48.23875,
    "ipc|131072|throughput": 45337.3175,
    "ipc|131072|latency": 60.96125,
    "ipc|262144|throughput": 24485.22625,
    "ipc|262144|latency": 84.0925
  },
  "DEALER_ROUTER": {
    "tcp|64|throughput": 5084231.17625,
    "tcp|64|latency": 46.92125,
    "tcp|256|throughput": 2859931.75,
    "tcp|256|latency": 41.785,
    "tcp|1024|throughput": 1267192.0275,
    "tcp|1024|latency": 42.755,
    "tcp|65536|throughput": 77251.05,
    "tcp|65536|latency": 68.00625,
    "tcp|131072|throughput": 49710.50875,
    "tcp|131072|latency": 74.22375,
    "tcp|262144|throughput": 26652.091249999998,
    "tcp|262144|latency": 98.20875000000001,
    "inproc|64|throughput": 5187896.547499999,
    "inproc|64|latency": 0.11,
    "inproc|256|throughput": 4038591.92625,
    "inproc|256|latency": 0.11125,
    "inproc|1024|throughput": 2680963.0675,
    "inproc|1024|latency": 0.12125,
    "inproc|65536|throughput": 135666.53375,
    "inproc|65536|latency": 1.9725,
    "inproc|131072|throughput": 83893.73,
    "inproc|131072|latency": 3.7125,
    "inproc|262144|throughput": 46943.9,
    "inproc|262144|latency": 7.11625,
    "ipc|64|throughput": 5177179.01375,
    "ipc|64|latency": 39.07875,
    "ipc|256|throughput": 2974118.65125,
    "ipc|256|latency": 47.11875,
    "ipc|1024|throughput": 1447187.655,
    "ipc|1024|latency": 39.33375,
    "ipc|65536|throughput": 74566.83625,
    "ipc|65536|latency": 55.06125,
    "ipc|131072|throughput": 44595.02,
    "ipc|131072|latency": 87.18,
    "ipc|262144|throughput": 23511.30625,
    "ipc|262144|latency": 94.61125
  }
}