{
  "PAIR": {
    "tcp|64|throughput": 4630161.84,
    "tcp|64|latency": 4.895,
    "tcp|256|throughput": 2559033.885,
    "tcp|256|latency": 5.015,
    "tcp|1024|throughput": 921508.715,
    "tcp|1024|latency": 4.985,
    "tcp|65536|throughput": 30679.839999999997,
    "tcp|65536|latency": 12.325,
    "tcp|131072|throughput": 20259.515,
    "tcp|131072|latency": 18.335,
    "tcp|262144|throughput": 10857.785,
    "tcp|262144|latency": 30.13,
    "inproc|64|throughput": 6468732.71,
    "inproc|64|latency": 0.08,
    "inproc|256|throughput": 5107899.359999999,
    "inproc|256|latency": 0.08,
    "inproc|1024|throughput": 2886813.8600000003,
    "inproc|1024|latency": 0.09,
    "inproc|65536|throughput": 151545.49,
    "inproc|65536|latency": 2.0,
    "inproc|131072|throughput": 104388.7,
    "inproc|131072|latency": 3.49,
    "inproc|262144|throughput": 64128.244999999995,
    "inproc|262144|latency": 6.789999999999999,
    "ipc|64|throughput": 4806108.515,
    "ipc|64|latency": 4.42,
    "ipc|256|throughput": 2740068.245,
    "ipc|256|latency": 4.5,
    "ipc|1024|throughput": 1024348.105,
    "ipc|1024|latency": 4.4350000000000005,
    "ipc|65536|throughput": 32870.9,
    "ipc|65536|latency": 11.89,
    "ipc|131072|throughput": 19388.370000000003,
    "ipc|131072|latency": 18.25,
    "ipc|262144|throughput": 9599.939999999999,
    "ipc|262144|latency": 29.92
  },
  "PUBSUB": {
    "tcp|64|throughput": 4095327.02,
    "tcp|64|latency": 0.24,
    "tcp|256|throughput": 2421840.325,
    "tcp|256|latency": 0.41,
    "tcp|1024|throughput": 899627.1100000001,
    "tcp|1024|latency": 1.11,
    "tcp|65536|throughput": 33196.415,
    "tcp|65536|latency": 29.825000000000003,
    "tcp|131072|throughput": 16655.760000000002,
    "tcp|131072|latency": 60.04,
    "tcp|262144|throughput": 10494.585,
    "tcp|262144|latency": 95.41499999999999,
    "inproc|64|throughput": 6051590.404999999,
    "inproc|64|latency": 0.165,
    "inproc|256|throughput": 4847727.775,
    "inproc|256|latency": 0.21,
    "inproc|1024|throughput": 2678235.795,
    "inproc|1024|latency": 0.37,
    "inproc|65536|throughput": 149805.24,
    "inproc|65536|latency": 6.675000000000001,
    "inproc|131072|throughput": 102362.07,
    "inproc|131072|latency": 9.705,
    "inproc|262144|throughput": 62712.875,
    "inproc|262144|latency": 15.945,
    "ipc|64|throughput": 4299284.885,
    "ipc|64|latency": 0.23,
    "ipc|256|throughput": 2585586.965,
    "ipc|256|latency": 0.39,
    "ipc|1024|throughput": 997932.865,
    "ipc|1024|latency": 1.0,
    "ipc|65536|throughput": 32669.665,
    "ipc|65536|latency": 30.61,
    "ipc|131072|throughput": 16621.35,
    "ipc|131072|latency": 60.165,
    "ipc|262144|throughput": 9511.96,
    "ipc|262144|latency": 105.13
  },
  "DEALER_DEALER": {
    "tcp|64|throughput": 4458659.535,
    "tcp|64|latency": 4.965,
    "tcp|256|throughput": 2485289.0999999996,
    "tcp|256|latency": 5.0,
    "tcp|1024|throughput": 875025.925,
    "tcp|1024|latency": 5.04,
    "tcp|65536|throughput": 32914.57,
    "tcp|65536|latency": 12.455,
    "tcp|131072|throughput": 18180.605,
    "tcp|131072|latency": 18.439999999999998,
    "tcp|262144|throughput": 9949.84,
    "tcp|262144|latency": 29.825,
    "inproc|64|throughput": 6558805.404999999,
    "inproc|64|latency": 0.08,
    "inproc|256|throughput": 5486913.71,
    "inproc|256|latency": 0.08,
    "inproc|1024|throughput": 2744616.23,
    "inproc|1024|latency": 0.1,
    "inproc|65536|throughput": 148823.175,
    "inproc|65536|latency": 1.9449999999999998,
    "inproc|131072|throughput": 102393.635,
    "inproc|131072|latency": 3.54,
    "inproc|262144|throughput": 60887.755,
    "inproc|262144|latency": 6.875,
    "ipc|64|throughput": 4536305.775,
    "ipc|64|latency": 4.475,
    "ipc|256|throughput": 2619301.895,
    "ipc|256|latency": 4.51,
    "ipc|1024|throughput": 988512.9099999999,
    "ipc|1024|latency": 4.515,
    "ipc|65536|throughput": 32526.394999999997,
    "ipc|65536|latency": 12.295,
    "ipc|131072|throughput": 18520.495,
    "ipc|131072|latency": 18.25,
    "ipc|262144|throughput": 9673.865,
    "ipc|262144|latency": 29.97
  },
  "DEALER_ROUTER": {
    "tcp|64|throughput": 3604717.12,
    "tcp|64|latency": 4.984999999999999,
    "tcp|256|throughput": 2199769.04,
    "tcp|256|latency": 5.0600000000000005,
    "tcp|1024|throughput": 832352.8200000001,
    "tcp|1024|latency": 5.235,
    "tcp|65536|throughput": 31751.775,
    "tcp|65536|latency": 12.425,
    "tcp|131072|throughput": 18030.645,
    "tcp|131072|latency": 18.490000000000002,
    "tcp|262144|throughput": 9898.74,
    "tcp|262144|latency": 30.645,
    "inproc|64|throughput": 6531374.235,
    "inproc|64|latency": 0.11,
    "inproc|256|throughput": 5361348.279999999,
    "inproc|256|latency": 0.11,
    "inproc|1024|throughput": 2878469.945,
    "inproc|1024|latency": 0.125,
    "inproc|65536|throughput": 148195.26,
    "inproc|65536|latency": 1.96,
    "inproc|131072|throughput": 100535.79000000001,
    "inproc|131072|latency": 3.73,
    "inproc|262144|throughput": 62956.765,
    "inproc|262144|latency": 7.105,
    "ipc|64|throughput": 3678435.1399999997,
    "ipc|64|latency": 4.52,
    "ipc|256|throughput": 2334332.325,
    "ipc|256|latency": 4.515000000000001,
    "ipc|1024|throughput": 938636.9550000001,
    "ipc|1024|latency": 4.535,
    "ipc|65536|throughput": 31795.655,
    "ipc|65536|latency": 11.975,
    "ipc|131072|throughput": 18383.72,
    "ipc|131072|latency": 18.195,
    "ipc|262144|throughput": 9504.695,
    "ipc|262144|latency": 29.995
  },
  "ROUTER_ROUTER": {
    "tcp|64|throughput": 3425109.55,
    "tcp|64|latency": 4.15,
    "tcp|256|throughput": 2153848.62,
    "tcp|256|latency": 4.2,
    "tcp|1024|throughput": 861017.72,
    "tcp|1024|latency": 4.285,
    "tcp|65536|throughput": 32793.41,
    "tcp|65536|latency": 11.39,
    "tcp|131072|throughput": 16658.57,
    "tcp|131072|latency": 17.92,
    "tcp|262144|throughput": 9910.36,
    "tcp|262144|latency": 37.905,
    "inproc|64|throughput": 5437121.005,
    "inproc|64|latency": 0.16,
    "inproc|256|throughput": 4479435.665,
    "inproc|256|latency": 0.16,
    "inproc|1024|throughput": 2679827.36,
    "inproc|1024|latency": 0.19,
    "inproc|65536|throughput": 144403.64,
    "inproc|65536|latency": 2.05,
    "inproc|131072|throughput": 102123.94,
    "inproc|131072|latency": 3.84,
    "inproc|262144|throughput": 63175.85,
    "inproc|262144|latency": 7.01,
    "ipc|64|throughput": 3524842.475,
    "ipc|64|latency": 3.685,
    "ipc|256|throughput": 2320678.4299999997,
    "ipc|256|latency": 3.745,
    "ipc|1024|throughput": 915969.09,
    "ipc|1024|latency": 3.9000000000000004,
    "ipc|65536|throughput": 32044.175,
    "ipc|65536|latency": 12.605,
    "ipc|131072|throughput": 18930.23,
    "ipc|131072|latency": 21.775,
    "ipc|262144|throughput": 10489.060000000001,
    "ipc|262144|latency": 36.265
  },
  "ROUTER_ROUTER_POLL": {
    "tcp|64|throughput": 3465916.425,
    "tcp|64|latency": 4.505,
    "tcp|256|throughput": 2062922.1400000001,
    "tcp|256|latency": 4.605,
    "tcp|1024|throughput": 804968.4299999999,
    "tcp|1024|latency": 4.62,
    "tcp|65536|throughput": 30804.565,
    "tcp|65536|latency": 12.04,
    "tcp|131072|throughput": 18725.055,
    "tcp|131072|latency": 18.22,
    "tcp|262144|throughput": 9502.66,
    "tcp|262144|latency": 38.19,
    "inproc|64|throughput": 5267617.545,
    "inproc|64|latency": 0.54,
    "inproc|256|throughput": 4404475.625,
    "inproc|256|latency": 0.535,
    "inproc|1024|throughput": 2617118.0549999997,
    "inproc|1024|latency": 0.57,
    "inproc|65536|throughput": 122730.45,
    "inproc|65536|latency": 2.4699999999999998,
    "inproc|131072|throughput": 88200.16,
    "inproc|131072|latency": 4.220000000000001,
    "inproc|262144|throughput": 57706.994999999995,
    "inproc|262144|latency": 7.595,
    "ipc|64|throughput": 3524989.5,
    "ipc|64|latency": 4.1,
    "ipc|256|throughput": 2189255.375,
    "ipc|256|latency": 4.1899999999999995,