{
  "PAIR": {
    "tcp|64|throughput": 4125507.845,
    "tcp|64|latency": 6.494999999999999,
    "tcp|256|throughput": 754351.2749999999,
    "tcp|256|latency": 6.615,
    "tcp|1024|throughput": 525027.495,
    "tcp|1024|latency": 6.485,
    "tcp|65536|throughput": 23864.405,
    "tcp|65536|latency": 15.235,
    "tcp|131072|throughput": 13182.145,
    "tcp|131072|latency": 21.775,
    "tcp|262144|throughput": 6947.655,
    "tcp|262144|latency": 35.43,
    "inproc|64|throughput": 6142580.1850000005,
    "inproc|64|latency": 0.08,
    "inproc|256|throughput": 5080899.8149999995,
    "inproc|256|latency": 0.08,
    "inproc|1024|throughput": 2726614.495,
    "inproc|1024|latency": 0.1,
    "inproc|65536|throughput": 139487.89,
    "inproc|65536|latency": 2.09,
    "inproc|131072|throughput": 94101.92499999999,
    "inproc|131072|latency": 3.835,
    "inproc|262144|throughput": 54852.16,
    "inproc|262144|latency": 7.84,
    "ipc|64|throughput": 4688803.605,
    "ipc|64|latency": 5.9,
    "ipc|256|throughput": 2728428.885,
    "ipc|256|latency": 6.029999999999999,
    "ipc|1024|throughput": 905723.6,
    "ipc|1024|latency": 6.43,
    "ipc|65536|throughput": 32144.425000000003,
    "ipc|65536|latency": 15.17,
    "ipc|131072|throughput": 21662.295,
    "ipc|131072|latency": 21.03,
    "ipc|262144|throughput": 7588.785,
    "ipc|262144|latency": 36.135000000000005
  },
  "PUBSUB": {
    "tcp|64|throughput": 3407016.245,
    "tcp|64|latency": 0.29,
    "tcp|256|throughput": 2239189.4850000003,
    "tcp|256|latency": 0.445,
    "tcp|1024|throughput": 500876.41500000004,
    "tcp|1024|latency": 1.99,
    "tcp|65536|throughput": 23642.385000000002,
    "tcp|65536|latency": 42.295,
    "tcp|131072|throughput": 12729.035,
    "tcp|131072|latency": 75.965,
    "tcp|262144|throughput": 6997.91,
    "tcp|262144|latency": 142.93,
    "inproc|64|throughput": 5504470.404999999,
    "inproc|64|latency": 0.185,
    "inproc|256|throughput": 4595002.640000001,
    "inproc|256|latency": 0.22,
    "inproc|1024|throughput": 2629532.375,
    "inproc|1024|latency": 0.38,
    "inproc|65536|throughput": 138081.1,
    "inproc|65536|latency": 7.24,
    "inproc|131072|throughput": 94920.145,
    "inproc|131072|latency": 10.535,
    "inproc|262144|throughput": 57130.825,
    "inproc|262144|latency": 17.395000000000003,
    "ipc|64|throughput": 4225768.605,
    "ipc|64|latency": 0.24,
    "ipc|256|throughput": 2623788.0199999996,
    "ipc|256|latency": 0.38,
    "ipc|1024|throughput": 1023721.7849999999,
    "ipc|1024|latency": 0.975,
    "ipc|65536|throughput": 29832.165,
    "ipc|65536|latency": 33.519999999999996,
    "ipc|131072|throughput": 19721.54,
    "ipc|131072|latency": 50.71,
    "ipc|262144|throughput": 6964.535,
    "ipc|262144|latency": 143.585
  },
  "DEALER_DEALER": {
    "tcp|64|throughput": 3640418.925,
    "tcp|64|latency": 6.5600000000000005,
    "tcp|256|throughput": 2145927.365,
    "tcp|256|latency": 6.55,
    "tcp|1024|throughput": 499232.79000000004,
    "tcp|1024|latency": 6.575,
    "tcp|65536|throughput": 24093.03,
    "tcp|65536|latency": 15.335,
    "tcp|131072|throughput": 12400.265,
    "tcp|131072|latency": 21.955,
    "tcp|262144|throughput": 6789.1900000000005,
    "tcp|262144|latency": 35.165000000000006,
    "inproc|64|throughput": 6184593.494999999,
    "inproc|64|latency": 0.08,
    "inproc|256|throughput": 5076766.3,
    "inproc|256|latency": 0.08,
    "inproc|1024|throughput": 2669145.0,
    "inproc|1024|latency": 0.1,
    "inproc|65536|throughput": 137846.03,
    "inproc|65536|latency": 2.075,
    "inproc|131072|throughput": 96405.20499999999,
    "inproc|131072|latency": 3.785,
    "inproc|262144|throughput": 58335.395000000004,
    "inproc|262144|latency": 7.4399999999999995,
    "ipc|64|throughput": 4556951.265000001,
    "ipc|64|latency": 5.885,
    "ipc|256|throughput": 2627635.745,
    "ipc|256|latency": 5.93,
    "ipc|1024|throughput": 974194.21,
    "ipc|1024|latency": 6.18,
    "ipc|65536|throughput": 31791.35,
    "ipc|65536|latency": 15.105,
    "ipc|131072|throughput": 18919.185,
    "ipc|131072|latency": 22.490000000000002,
    "ipc|262144|throughput": 7623.75,
    "ipc|262144|latency": 35.835
  },
  "DEALER_ROUTER": {
    "tcp|64|throughput": 3152797.445,
    "tcp|64|latency": 6.42,
    "tcp|256|throughput": 1275117.9649999999,
    "tcp|256|latency": 6.529999999999999,
    "tcp|1024|throughput": 490835.04500000004,
    "tcp|1024|latency": 6.595000000000001,
    "tcp|65536|throughput": 21965.715,
    "tcp|65536|latency": 15.51,
    "tcp|131072|throughput": 12227.925,
    "tcp|131072|latency": 21.805,
    "tcp|262144|throughput": 6565.1900000000005,
    "tcp|262144|latency": 34.519999999999996,
    "inproc|64|throughput": 6159723.82,
    "inproc|64|latency": 0.12,
    "inproc|256|throughput": 4887441.5,
    "inproc|256|latency": 0.12,
    "inproc|1024|throughput": 2602937.39,
    "inproc|1024|latency": 0.13,
    "inproc|65536|throughput": 137360.14,
    "inproc|65536|latency": 2.025,
    "inproc|131072|throughput": 94408.975,
    "inproc|131072|latency": 3.86,
    "inproc|262144|throughput": 58265.235,
    "inproc|262144|latency": 7.3,
    "ipc|64|throughput": 3509176.3049999997,
    "ipc|64|latency": 6.529999999999999,
    "ipc|256|throughput": 2151684.1,
    "ipc|256|latency": 6.475,
    "ipc|1024|throughput": 864716.2949999999,
    "ipc|1024|latency": 6.455,
    "ipc|65536|throughput": 29291.004999999997,
    "ipc|65536|latency": 15.225,
    "ipc|131072|throughput": 20514.135000000002,
    "ipc|131072|latency": 22.22,
    "ipc|262144|throughput": 7599.115,
    "ipc|262144|latency": 36.495000000000005
  },
  "ROUTER_ROUTER": {
    "tcp|64|throughput": 2942558.505,
    "tcp|64|latency": 5.71,
    "tcp|256|throughput": 1970787.2,
    "tcp|256|latency": 5.72,
    "tcp|1024|throughput": 495008.13,
    "tcp|1024|latency": 5.835,
    "tcp|65536|throughput": 20366.0,
    "tcp|65536|latency": 14.445,
    "tcp|131072|throughput": 11198.695,
    "tcp|131072|latency": 23.755,
    "tcp|262144|throughput": 6333.01,
    "tcp|262144|latency": 41.885,
    "inproc|64|throughput": 4898204.515000001,
    "inproc|64|latency": 0.19,
    "inproc|256|throughput": 4253914.335,
    "inproc|256|latency": 0.18,
    "inproc|1024|throughput": 2335133.5300000003,
    "inproc|1024|latency": 0.2,
    "inproc|65536|throughput": 132726.68,
    "inproc|65536|latency": 2.1550000000000002,
    "inproc|131072|throughput": 93016.465,
    "inproc|131072|latency": 4.0,
    "inproc|262144|throughput": 56903.265,
    "inproc|262144|latency": 7.65,
    "ipc|64|throughput": 3439774.16,
    "ipc|64|latency": 5.165,
    "ipc|256|throughput": 2284929.9749999996,
    "ipc|256|latency": 5.095,
    "ipc|1024|throughput": 789867.715,
    "ipc|1024|latency": 5.835,
    "ipc|65536|throughput": 26498.32,
    "ipc|65536|latency": 13.76,
    "ipc|131072|throughput": 21390.135000000002,
    "ipc|131072|latency": 25.97,
    "ipc|262144|throughput": 7470.355,
    "ipc|262144|latency": 41.265
  },
  "ROUTER_ROUTER_POLL": {
    "tcp|64|throughput": 3081213.41,
    "tcp|64|latency": 6.279999999999999,
    "tcp|256|throughput": 1984998.225,
    "tcp|256|latency": 6.3149999999999995,
    "tcp|1024|throughput": 470013.95,
    "tcp|1024|latency": 6.4399999999999995,
    "tcp|65536|throughput": 20496.46,
    "tcp|65536|latency": 15.02,
    "tcp|131072|throughput": 11767.265,
    "tcp|131072|latency": 23.775,
    "tcp|262144|throughput": 6642.105,
    "tcp|262144|latency": 40.215,
    "inproc|64|throughput": 4798817.25,
    "inproc|64|latency": 0.57,
    "inproc|256|throughput": 4311222.24,
    "inproc|256|latency": 0.575,
    "inproc|1024|throughput": 2357387.3150000004,
    "inproc|1024|latency": 0.585,
    "inproc|65536|throughput": 113629.225,
    "inproc|65536|latency": 2.54,
    "inproc|131072|throughput": 80658.19,
    "inproc|131072|latency": 4.45,
    "inproc|262144|throughput": 51785.11,
    "inproc|262144|latency": 8.184999999999999,
    "ipc|64|throughput": 3383428.905,