{
  "PAIR": {
    "tcp|64|throughput": 4539753.75,
    "tcp|64|latency": 4.795,
    "tcp|256|throughput": 2484657.145,
    "tcp|256|latency": 4.994999999999999,
    "tcp|1024|throughput": 870540.855,
    "tcp|1024|latency": 5.1850000000000005,
    "tcp|65536|throughput": 31300.095,
    "tcp|65536|latency": 12.75,
    "tcp|131072|throughput": 19111.035,
    "tcp|131072|latency": 19.105,
    "tcp|262144|throughput": 9671.130000000001,
    "tcp|262144|latency": 30.935000000000002,
    "inproc|64|throughput": 6443989.445,
    "inproc|64|latency": 0.08,
    "inproc|256|throughput": 5218013.57,
    "inproc|256|latency": 0.08,
    "inproc|1024|throughput": 2891149.635,
    "inproc|1024|latency": 0.1,
    "inproc|65536|throughput": 142635.515,
    "inproc|65536|latency": 2.035,
    "inproc|131072|throughput": 98516.235,
    "inproc|131072|latency": 3.625,
    "inproc|262144|throughput": 61505.965,
    "inproc|262144|latency": 7.12,
    "ipc|64|throughput": 4782086.8,
    "ipc|64|latency": 4.43,
    "ipc|256|throughput": 2800670.5,
    "ipc|256|latency": 4.57,
    "ipc|1024|throughput": 1041155.425,
    "ipc|1024|latency": 4.5600000000000005,
    "ipc|65536|throughput": 33377.41,
    "ipc|65536|latency": 12.51,
    "ipc|131072|throughput": 19503.2,
    "ipc|131072|latency": 18.945,
    "ipc|262144|throughput": 9429.05,
    "ipc|262144|latency": 30.14
  },
  "PUBSUB": {
    "tcp|64|throughput": 4166792.4050000003,
    "tcp|64|latency": 0.24,
    "tcp|256|throughput": 2359908.7800000003,
    "tcp|256|latency": 0.42,
    "tcp|1024|throughput": 900954.13,
    "tcp|1024|latency": 1.115,
    "tcp|65536|throughput": 32099.545,
    "tcp|65536|latency": 31.16,
    "tcp|131072|throughput": 18269.3,
    "tcp|131072|latency": 50.09,
    "tcp|262144|throughput": 9606.990000000002,
    "tcp|262144|latency": 104.095,
    "inproc|64|throughput": 5943369.02,
    "inproc|64|latency": 0.17,
    "inproc|256|throughput": 4652920.02,
    "inproc|256|latency": 0.215,
    "inproc|1024|throughput": 2794621.7649999997,
    "inproc|1024|latency": 0.36,
    "inproc|65536|throughput": 142206.245,
    "inproc|65536|latency": 7.035,
    "inproc|131072|throughput": 97961.0,
    "inproc|131072|latency": 10.205,
    "inproc|262144|throughput": 58829.83,
    "inproc|262144|latency": 17.0,
    "ipc|64|throughput": 4229984.52,
    "ipc|64|latency": 0.24,
    "ipc|256|throughput": 2603427.1399999997,
    "ipc|256|latency": 0.385,
    "ipc|1024|throughput": 1004521.385,
    "ipc|1024|latency": 0.995,
    "ipc|65536|throughput": 33817.369999999995,
    "ipc|65536|latency": 29.57,
    "ipc|131072|throughput": 16856.215,
    "ipc|131072|latency": 59.375,
    "ipc|262144|throughput": 10074.58,
    "ipc|262144|latency": 99.47
  },
  "DEALER_DEALER": {
    "tcp|64|throughput": 4346485.9,
    "tcp|64|latency": 5.0649999999999995,
    "tcp|256|throughput": 2396840.705,
    "tcp|256|latency": 5.154999999999999,
    "tcp|1024|throughput": 865984.2849999999,
    "tcp|1024|latency": 5.1850000000000005,
    "tcp|65536|throughput": 32010.17,
    "tcp|65536|latency": 12.815000000000001,
    "tcp|131072|throughput": 16562.629999999997,
    "tcp|131072|latency": 18.91,
    "tcp|262144|throughput": 9749.17,
    "tcp|262144|latency": 31.335,
    "inproc|64|throughput": 6230930.695,
    "inproc|64|latency": 0.08,
    "inproc|256|throughput": 5065673.555,
    "inproc|256|latency": 0.08499999999999999,
    "inproc|1024|throughput": 2679873.71,
    "inproc|1024|latency": 0.1,
    "inproc|65536|throughput": 145883.905,
    "inproc|65536|latency": 2.01,
    "inproc|131072|throughput": 96342.32500000001,
    "inproc|131072|latency": 3.6550000000000002,
    "inproc|262144|throughput": 58079.625,
    "inproc|262144|latency": 7.235,
    "ipc|64|throughput": 4301924.51,
    "ipc|64|latency": 4.68,
    "ipc|256|throughput": 2628630.835,
    "ipc|256|latency": 4.615,
    "ipc|1024|throughput": 1014789.1950000001,
    "ipc|1024|latency": 4.49,
    "ipc|65536|throughput": 33572.884999999995,
    "ipc|65536|latency": 12.35,
    "ipc|131072|throughput": 19099.239999999998,
    "ipc|131072|latency": 18.67,
    "ipc|262144|throughput": 9462.1,
    "ipc|262144|latency": 31.08
  },
  "DEALER_ROUTER": {
    "tcp|64|throughput": 3584134.0949999997,
    "tcp|64|latency": 5.210000000000001,
    "tcp|256|throughput": 2177801.24,
    "tcp|256|latency": 5.145,
    "tcp|1024|throughput": 845498.91,
    "tcp|1024|latency": 5.225,
    "tcp|65536|throughput": 32564.845,
    "tcp|65536|latency": 12.829999999999998,
    "tcp|131072|throughput": 15967.74,
    "tcp|131072|latency": 19.295,
    "tcp|262144|throughput": 9549.285,
    "tcp|262144|latency": 31.485,
    "inproc|64|throughput": 6491146.83,
    "inproc|64|latency": 0.11,
    "inproc|256|throughput": 4785637.5600000005,
    "inproc|256|latency": 0.11,
    "inproc|1024|throughput": 2788776.64,
    "inproc|1024|latency": 0.13,
    "inproc|65536|throughput": 143148.605,
    "inproc|65536|latency": 1.9849999999999999,
    "inproc|131072|throughput": 98015.82500000001,
    "inproc|131072|latency": 3.775,
    "inproc|262144|throughput": 60542.495,
    "inproc|262144|latency": 7.279999999999999,
    "ipc|64|throughput": 3688996.4,
    "ipc|64|latency": 4.63,
    "ipc|256|throughput": 2354389.705,
    "ipc|256|latency": 4.765,
    "ipc|1024|throughput": 958827.9199999999,
    "ipc|1024|latency": 4.65,
    "ipc|65536|throughput": 33137.84,
    "ipc|65536|latency": 12.53,
    "ipc|131072|throughput": 18436.04,
    "ipc|131072|latency": 18.845,
    "ipc|262144|throughput": 9591.775,
    "ipc|262144|latency": 31.035
  },
  "ROUTER_ROUTER": {
    "tcp|64|throughput": 3363743.045,
    "tcp|64|latency": 4.234999999999999,
    "tcp|256|throughput": 2093243.97,
    "tcp|256|latency": 4.335,
    "tcp|1024|throughput": 846738.0900000001,
    "tcp|1024|latency": 4.365,
    "tcp|65536|throughput": 33132.015,
    "tcp|65536|latency": 11.76,
    "tcp|131072|throughput": 16113.535,
    "tcp|131072|latency": 18.325,
    "tcp|262144|throughput": 9462.305,
    "tcp|262144|latency": 39.465,
    "inproc|64|throughput": 5130969.21,
    "inproc|64|latency": 0.18,
    "inproc|256|throughput": 4314277.12,
    "inproc|256|latency": 0.18,
    "inproc|1024|throughput": 2526699.36,
    "inproc|1024|latency": 0.195,
    "inproc|65536|throughput": 142998.87,
    "inproc|65536|latency": 2.11,
    "inproc|131072|throughput": 99051.44,
    "inproc|131072|latency": 3.875,
    "inproc|262144|throughput": 61470.425,
    "inproc|262144|latency": 7.27,
    "ipc|64|throughput": 3470190.41,
    "ipc|64|latency": 3.7800000000000002,
    "ipc|256|throughput": 2238349.31,
    "ipc|256|latency": 3.8499999999999996,
    "ipc|1024|throughput": 936935.0349999999,
    "ipc|1024|latency": 3.965,
    "ipc|65536|throughput": 32751.97,
    "ipc|65536|latency": 13.775,
    "ipc|131072|throughput": 18714.315000000002,
    "ipc|131072|latency": 22.765,
    "ipc|262144|throughput": 9329.61,
    "ipc|262144|latency": 37.695
  },
  "ROUTER_ROUTER_POLL": {
    "tcp|64|throughput": 3345008.295,
    "tcp|64|latency": 4.705,
    "tcp|256|throughput": 2070239.4100000001,
    "tcp|256|latency": 4.785,
    "tcp|1024|throughput": 798658.405,
    "tcp|1024|latency": 4.824999999999999,
    "tcp|65536|throughput": 30796.315000000002,
    "tcp|65536|latency": 12.6,
    "tcp|131072|throughput": 16524.385,
    "tcp|131072|latency": 19.115000000000002,
    "tcp|262144|throughput": 9311.32,
    "tcp|262144|latency": 39.5,
    "inproc|64|throughput": 5135396.395,
    "inproc|64|latency": 0.56,
    "inproc|256|throughput": 4423626.025,
    "inproc|256|latency": 0.56,
    "inproc|1024|throughput": 2645400.225,
    "inproc|1024|latency": 0.595,
    "inproc|65536|throughput": 118081.68,
    "inproc|65536|latency": 2.535,
    "inproc|131072|throughput": 83948.38,
    "inproc|131072|latency": 4.39,
    "inproc|262144|throughput": 55298.56,
    "inproc|262144|latency": 7.74,
    "ipc|64|throughput": 3484152.8449999997,
    "ipc|64|latency": 4.265,