{
  "PAIR": {
    "tcp|64|throughput": 4268853.46,
    "tcp|64|latency": 4.98,
    "tcp|256|throughput": 2314976.52,
    "tcp|256|latency": 5.029999999999999,
    "tcp|1024|throughput": 809420.115,
    "tcp|1024|latency": 5.074999999999999,
    "tcp|65536|throughput": 29888.155,
    "tcp|65536|latency": 12.844999999999999,
    "tcp|131072|throughput": 17660.23,
    "tcp|131072|latency": 18.814999999999998,
    "tcp|262144|throughput": 9305.18,
    "tcp|262144|latency": 30.705,
    "inproc|64|throughput": 6136644.535,
    "inproc|64|latency": 0.07,
    "inproc|256|throughput": 4680144.85,
    "inproc|256|latency": 0.08,
    "inproc|1024|throughput": 2417295.5300000003,
    "inproc|1024|latency": 0.095,
    "inproc|65536|throughput": 142598.72,
    "inproc|65536|latency": 2.0,
    "inproc|131072|throughput": 98355.62,
    "inproc|131072|latency": 3.47,
    "inproc|262144|throughput": 60091.035,
    "inproc|262144|latency": 6.805,
    "ipc|64|throughput": 4331848.795,
    "ipc|64|latency": 4.545,
    "ipc|256|throughput": 2438486.69,
    "ipc|256|latency": 4.505,
    "ipc|1024|throughput": 896149.245,
    "ipc|1024|latency": 4.515000000000001,
    "ipc|65536|throughput": 29488.33,
    "ipc|65536|latency": 12.22,
    "ipc|131072|throughput": 16899.445,
    "ipc|131072|latency": 18.71,
    "ipc|262144|throughput": 9718.945,
    "ipc|262144|latency": 29.625
  },
  "PUBSUB": {
    "tcp|64|throughput": 2968560.2350000003,
    "tcp|64|latency": 0.355,
    "tcp|256|throughput": 1514017.005,
    "tcp|256|latency": 0.66,
    "tcp|1024|throughput": 655476.37,
    "tcp|1024|latency": 1.525,
    "tcp|65536|throughput": 23285.699999999997,
    "tcp|65536|latency": 42.95,
    "tcp|131072|throughput": 9155.92,
    "tcp|131072|latency": 109.23,
    "tcp|262144|throughput": 4461.525,
    "tcp|262144|latency": 224.29,
    "inproc|64|throughput": 3115948.455,
    "inproc|64|latency": 0.32,
    "inproc|256|throughput": 2505868.0,
    "inproc|256|latency": 0.4,
    "inproc|1024|throughput": 1229157.5550000002,
    "inproc|1024|latency": 0.815,
    "inproc|65536|throughput": 101322.035,
    "inproc|65536|latency": 10.11,
    "inproc|131072|throughput": 76358.505,
    "inproc|131072|latency": 13.094999999999999,
    "inproc|262144|throughput": 28595.045,
    "inproc|262144|latency": 34.975,
    "ipc|64|throughput": 2251868.725,
    "ipc|64|latency": 0.44499999999999995,
    "ipc|256|throughput": 1475925.4849999999,
    "ipc|256|latency": 0.685,
    "ipc|1024|throughput": 506852.35,
    "ipc|1024|latency": 1.97,
    "ipc|65536|throughput": 13789.48,
    "ipc|65536|latency": 72.53,
    "ipc|131072|throughput": 7222.424999999999,
    "ipc|131072|latency": 138.45999999999998,
    "ipc|262144|throughput": 6135.225,
    "ipc|262144|latency": 163.015
  },
  "DEALER_DEALER": {
    "tcp|64|throughput": 3535588.15,
    "tcp|64|latency": 5.365,
    "tcp|256|throughput": 1325019.95,
    "tcp|256|latency": 5.125,
    "tcp|1024|throughput": 610664.1,
    "tcp|1024|latency": 8.73,
    "tcp|65536|throughput": 23999.39,
    "tcp|65536|latency": 12.73,
    "tcp|131072|throughput": 9301.215,
    "tcp|131072|latency": 46.595,
    "tcp|262144|throughput": 4549.04,
    "tcp|262144|latency": 96.14,
    "inproc|64|throughput": 3847352.615,
    "inproc|64|latency": 0.07,
    "inproc|256|throughput": 2909618.5700000003,
    "inproc|256|latency": 0.07,
    "inproc|1024|throughput": 1372955.4,
    "inproc|1024|latency": 0.09,
    "inproc|65536|throughput": 88229.73999999999,
    "inproc|65536|latency": 1.955,
    "inproc|131072|throughput": 72528.59,
    "inproc|131072|latency": 3.535,
    "inproc|262144|throughput": 35696.165,
    "inproc|262144|latency": 6.9,
    "ipc|64|throughput": 2224819.95,
    "ipc|64|latency": 8.86,
    "ipc|256|throughput": 1293840.295,
    "ipc|256|latency": 9.350000000000001,
    "ipc|1024|throughput": 471992.54,
    "ipc|1024|latency": 11.175,
    "ipc|65536|throughput": 14981.905,
    "ipc|65536|latency": 26.395000000000003,
    "ipc|131072|throughput": 7723.65,
    "ipc|131072|latency": 56.47,
    "ipc|262144|throughput": 6533.88,
    "ipc|262144|latency": 31.455
  },
  "DEALER_ROUTER": {
    "tcp|64|throughput": 3547006.01,
    "tcp|64|latency": 5.039999999999999,
    "tcp|256|throughput": 2076268.65,
    "tcp|256|latency": 5.17,
    "tcp|1024|throughput": 792200.095,
    "tcp|1024|latency": 5.145,
    "tcp|65536|throughput": 30197.845,
    "tcp|65536|latency": 12.68,
    "tcp|131072|throughput": 17889.144999999997,
    "tcp|131072|latency": 18.675,
    "tcp|262144|throughput": 9296.205,
    "tcp|262144|latency": 31.53,
    "inproc|64|throughput": 6443387.395,
    "inproc|64|latency": 0.11,
    "inproc|256|throughput": 5074824.525,
    "inproc|256|latency": 0.11,
    "inproc|1024|throughput": 2616664.8899999997,
    "inproc|1024|latency": 0.12,
    "inproc|65536|throughput": 141855.615,
    "inproc|65536|latency": 1.94,
    "inproc|131072|throughput": 99847.985,
    "inproc|131072|latency": 3.7,
    "inproc|262144|throughput": 60300.06,
    "inproc|262144|latency": 7.145,
    "ipc|64|throughput": 3498614.1550000003,
    "ipc|64|latency": 4.495,
    "ipc|256|throughput": 2298548.75,
    "ipc|256|latency": 4.529999999999999,
    "ipc|1024|throughput": 879831.315,
    "ipc|1024|latency": 4.64,
    "ipc|65536|throughput": 29563.15,
    "ipc|65536|latency": 12.2,
    "ipc|131072|throughput": 17209.6,
    "ipc|131072|latency": 18.46,
    "ipc|262144|throughput": 9543.119999999999,
    "ipc|262144|latency": 30.619999999999997
  },
  "ROUTER_ROUTER": {
    "tcp|64|throughput": 3338402.53,
    "tcp|64|latency": 4.15,
    "tcp|256|throughput": 2011005.79,
    "tcp|256|latency": 4.18,
    "tcp|1024|throughput": 792122.51,
    "tcp|1024|latency": 4.68,
    "tcp|65536|throughput": 30185.26,
    "tcp|65536|latency": 11.94,
    "tcp|131072|throughput": 18234.86,
    "tcp|131072|latency": 18.14,
    "tcp|262144|throughput": 10205.3,
    "tcp|262144|latency": 39.58,
    "inproc|64|throughput": 4860044.21,
    "inproc|64|latency": 0.19,
    "inproc|256|throughput": 3813932.42,
    "inproc|256|latency": 0.17,
    "inproc|1024|throughput": 1949857.47,
    "inproc|1024|latency": 0.21,
    "inproc|65536|throughput": 118972.12,
    "inproc|65536|latency": 2.18,
    "inproc|131072|throughput": 96610.35,
    "inproc|131072|latency": 3.78,
    "inproc|262144|throughput": 58848.12,
    "inproc|262144|latency": 7.17,
    "ipc|64|throughput": 3266026.41,
    "ipc|64|latency": 3.62,
    "ipc|256|throughput": 2093574.77,
    "ipc|256|latency": 3.88,
    "ipc|1024|throughput": 835072.0,
    "ipc|1024|latency": 3.86,
    "ipc|65536|throughput": 29316.28,
    "ipc|65536|latency": 13.36,
    "ipc|131072|throughput": 16838.97,
    "ipc|131072|latency": 26.23,
    "ipc|262144|throughput": 9281.03,
    "ipc|262144|latency": 38.26
  },
  "ROUTER_ROUTER_POLL": {
    "tcp|64|throughput": 3031643.98,
    "tcp|64|latency": 4.59,
    "tcp|256|throughput": 1757456.27,
    "tcp|256|latency": 4.88,
    "tcp|1024|throughput": 750764.19,
    "tcp|1024|latency": 5.25,
    "tcp|65536|throughput": 28230.23,
    "tcp|65536|latency": 12.47,
    "tcp|131072|throughput": 17096.12,
    "tcp|131072|latency": 19.04,
    "tcp|262144|throughput": 9606.03,
    "tcp|262144|latency": 40.78,
    "inproc|64|throughput": 4889405.2,
    "inproc|64|latency": 0.54,
    "inproc|256|throughput": 4357284.99,
    "inproc|256|latency": 0.58,
    "inproc|1024|throughput": 2338692.1,
    "inproc|1024|latency": 0.57,
    "inproc|65536|throughput": 121874.3,
    "inproc|65536|latency": 2.48,
    "inproc|131072|throughput": 83122.29,
    "inproc|131072|latency": 4.22,
    "inproc|262144|throughput": 55449.34,
    "inproc|262144|latency": 7.7,
    "ipc|64|throughput": 3407361.15,
    "ipc|64|latency": 4.07,
    "ipc|256|throughput": 2060977.18,
    "ipc|256|latency": 4.26,
    "ipc|1024|throughput": 820583.38,
    "ipc|1024|latency": 4.3,
    "ipc|65536|throughput": 27802.16,
    "ipc|65536|latency": 14.39,
    "ipc|131072|throughput": 16640.51,