{
  "PAIR": {
    "tcp|64|throughput": 5515477.35125,
    "tcp|64|latency": 33.95125,
    "tcp|256|throughput": 2948843.085,
    "tcp|256|latency": 34.08625,
    "tcp|1024|throughput": 1289927.25125,
    "tcp|1024|latency": 31.0875,
    "tcp|65536|throughput": 78208.00125,
    "tcp|65536|latency": 49.76625,
    "tcp|131072|throughput": 47985.182499999995,
    "tcp|131072|latency": 64.77,
    "tcp|262144|throughput": 28203.291250000002,
    "tcp|262144|latency": 82.0375,
    "inproc|64|throughput": 5913906.88125,
    "inproc|64|latency": 0.07125000000000001,
    "inproc|256|throughput": 5243618.3,
    "inproc|256|latency": 0.07125000000000001,
    "inproc|1024|throughput": 3262154.2937499997,
    "inproc|1024|latency": 0.09125,
    "inproc|65536|throughput": 133031.18,
    "inproc|65536|latency": 2.0225,
    "inproc|131072|throughput": 75811.49250000001,
    "inproc|131072|latency": 3.55,
    "inproc|262144|throughput": 48858.74,
    "inproc|262144|latency": 6.8825,
    "ipc|64|throughput": 5509330.89125,
    "ipc|64|latency": 28.90375,
    "ipc|256|throughput": 3110961.32125,
    "ipc|256|latency": 29.6525,
    "ipc|1024|throughput": 1472311.8875,
    "ipc|1024|latency": 28.7775,
    "ipc|65536|throughput": 77935.135,
    "ipc|65536|latency": 48.15875,
    "ipc|131072|throughput": 43917.385,
    "ipc|131072|latency": 60.89375,
    "ipc|262144|throughput": 23332.18875,
    "ipc|262144|latency": 81.7675
  },
  "PUBSUB": {
    "tcp|64|throughput": 5474256.49875,
    "tcp|64|latency": 0.18125,
    "tcp|256|throughput": 2510453.3725,
    "tcp|256|latency": 0.39875,
    "tcp|1024|throughput": 959629.6725,
    "tcp|1024|latency": 1.0425,
    "tcp|65536|throughput": 70477.05125,
    "tcp|65536|latency": 14.325,
    "tcp|131072|throughput": 49751.05375,
    "tcp|131072|latency": 20.11625,
    "tcp|262144|throughput": 27386.88875,
    "tcp|262144|latency": 36.57625,
    "inproc|64|throughput": 5683558.99875,
    "inproc|64|latency": 0.17625,
    "inproc|256|throughput": 4373494.92625,
    "inproc|256|latency": 0.22875,
    "inproc|1024|throughput": 2060097.07875,
    "inproc|1024|latency": 0.485,
    "inproc|65536|throughput": 138318.505,
    "inproc|65536|latency": 7.24,
    "inproc|131072|throughput": 87511.2525,
    "inproc|131072|latency": 11.4875,
    "inproc|262144|throughput": 66041.29375,
    "inproc|262144|latency": 15.25125,
    "ipc|64|throughput": 5453103.69125,
    "ipc|64|latency": 0.1825,
    "ipc|256|throughput": 2603305.8825,
    "ipc|256|latency": 0.38375000000000004,
    "ipc|1024|throughput": 1030911.375,
    "ipc|1024|latency": 0.97125,
    "ipc|65536|throughput": 70085.94499999999,
    "ipc|65536|latency": 14.29375,
    "ipc|131072|throughput": 42288.555,
    "ipc|131072|latency": 23.67875,
    "ipc|262144|throughput": 22066.708749999998,
    "ipc|262144|latency": 45.3625
  },
  "DEALER_DEALER": {
    "tcp|64|throughput": 5402824.72875,
    "tcp|64|latency": 30.32625,
    "tcp|256|throughput": 2975540.78875,
    "tcp|256|latency": 32.13375,
    "tcp|1024|throughput": 1343915.7,
    "tcp|1024|latency": 32.985,
    "tcp|65536|throughput": 71953.66125,
    "tcp|65536|latency": 52.4225,
    "tcp|131072|throughput": 44859.335,
    "tcp|131072|latency": 66.82625,
    "tcp|262144|throughput": 26384.415,
    "tcp|262144|latency": 85.0725,
    "inproc|64|throughput": 5920341.04875,
    "inproc|64|latency": 0.07,
    "inproc|256|throughput": 4993582.12875,
    "inproc|256|latency": 0.08,
    "inproc|1024|throughput": 3146145.95875,
    "inproc|1024|latency": 0.09375,
    "inproc|65536|throughput": 148789.1,
    "inproc|65536|latency": 1.9874999999999998,
    "inproc|131072|throughput": 118954.525,
    "inproc|131072|latency": 3.58,
    "inproc|262144|throughput": 45669.65125,
    "inproc|262144|latency": 6.99125,
    "ipc|64|throughput": 5627867.8975,
    "ipc|64|latency": 29.045,
    "ipc|256|throughput": 3146683.48,
    "ipc|256|latency": 29.15125,
    "ipc|1024|throughput": 1527655.12375,
    "ipc|1024|latency": 30.555,
    "ipc|65536|throughput": 79071.3325,
    "ipc|65536|latency": 49.05625,
    "ipc|131072|throughput": 45740.896250000005,
    "ipc|131072|latency": 60.04375,
    "ipc|262144|throughput": 24184.677499999998,
    "ipc|262144|latency": 80.68125
  },
  "DEALER_ROUTER": {
    "tcp|64|throughput": 5214926.41125,
    "tcp|64|latency": 43.1275,
    "tcp|256|throughput": 2889909.15875,
    "tcp|256|latency": 46.93125,
    "tcp|1024|throughput": 1230800.6675,
    "tcp|1024|latency": 43.635000000000005,
    "tcp|65536|throughput": 75125.605,
    "tcp|65536|latency": 71.45125,
    "tcp|131072|throughput": 45178.56375,
    "tcp|131072|latency": 85.78,
    "tcp|262144|throughput": 26356.80125,
    "tcp|262144|latency": 95.32124999999999,
    "inproc|64|throughput": 5177037.18,
    "inproc|64|latency": 0.11125,
    "inproc|256|throughput": 3895321.195,
    "inproc|256|latency": 0.1125,
    "inproc|1024|throughput": 2613148.43375,
    "inproc|1024|latency": 0.1225,
    "inproc|65536|throughput": 140956.45124999998,
    "inproc|65536|latency": 1.97125,
    "inproc|131072|throughput": 89440.4,
    "inproc|131072|latency": 3.71375,
    "inproc|262144|throughput": 46006.625,
    "inproc|262144|latency": 7.22875,
    "ipc|64|throughput": 5099522.45625,
    "ipc|64|latency": 41.295,
    "ipc|256|throughput": 2988077.3575,
    "ipc|256|latency": 38.9925,
    "ipc|1024|throughput": 1324792.98375,
    "ipc|1024|latency": 48.964999999999996,
    "ipc|65536|throughput": 72651.49375,
    "ipc|65536|latency": 86.08,
    "ipc|131072|throughput": 41278.45125,
    "ipc|131072|latency": 89.915,
    "ipc|262144|throughput": 23119.81375,
    "ipc|262144|latency": 94.5475
  }
}