{
  "PAIR": {
    "tcp|64|throughput": 4392140.359999999,
    "tcp|64|latency": 5.045,
    "tcp|256|throughput": 2495042.875,
    "tcp|256|latency": 5.06,
    "tcp|1024|throughput": 873966.98,
    "tcp|1024|latency": 5.18,
    "tcp|65536|throughput": 30934.025,
    "tcp|65536|latency": 12.355,
    "tcp|131072|throughput": 16486.489999999998,
    "tcp|131072|latency": 18.490000000000002,
    "tcp|262144|throughput": 9970.14,
    "tcp|262144|latency": 30.625,
    "inproc|64|throughput": 6760542.96,
    "inproc|64|latency": 0.07500000000000001,
    "inproc|256|throughput": 5171704.99,
    "inproc|256|latency": 0.08,
    "inproc|1024|throughput": 2728494.215,
    "inproc|1024|latency": 0.1,
    "inproc|65536|throughput": 148229.43,
    "inproc|65536|latency": 2.005,
    "inproc|131072|throughput": 101611.175,
    "inproc|131072|latency": 3.5599999999999996,
    "inproc|262144|throughput": 62074.100000000006,
    "inproc|262144|latency": 6.865,
    "ipc|64|throughput": 4632247.175,
    "ipc|64|latency": 4.42,
    "ipc|256|throughput": 2590299.95,
    "ipc|256|latency": 4.52,
    "ipc|1024|throughput": 990619.99,
    "ipc|1024|latency": 4.535,
    "ipc|65536|throughput": 32150.715,
    "ipc|65536|latency": 12.11,
    "ipc|131072|throughput": 17229.575,
    "ipc|131072|latency": 18.35,
    "ipc|262144|throughput": 9560.97,
    "ipc|262144|latency": 30.17
  },
  "PUBSUB": {
    "tcp|64|throughput": 4132232.505,
    "tcp|64|latency": 0.24,
    "tcp|256|throughput": 2428504.545,
    "tcp|256|latency": 0.41,
    "tcp|1024|throughput": 879466.01,
    "tcp|1024|latency": 1.14,
    "tcp|65536|throughput": 32102.37,
    "tcp|65536|latency": 31.15,
    "tcp|131072|throughput": 17241.440000000002,
    "tcp|131072|latency": 58.16,
    "tcp|262144|throughput": 9470.895,
    "tcp|262144|latency": 105.6,
    "inproc|64|throughput": 5952233.640000001,
    "inproc|64|latency": 0.17,
    "inproc|256|throughput": 4660208.16,
    "inproc|256|latency": 0.215,
    "inproc|1024|throughput": 2736094.3099999996,
    "inproc|1024|latency": 0.37,
    "inproc|65536|throughput": 144640.115,
    "inproc|65536|latency": 6.915,
    "inproc|131072|throughput": 100659.6,
    "inproc|131072|latency": 9.935,
    "inproc|262144|throughput": 61084.325,
    "inproc|262144|latency": 16.369999999999997,
    "ipc|64|throughput": 4270899.77,
    "ipc|64|latency": 0.23,
    "ipc|256|throughput": 2498230.865,
    "ipc|256|latency": 0.4,
    "ipc|1024|throughput": 958609.315,
    "ipc|1024|latency": 1.045,
    "ipc|65536|throughput": 31447.725,
    "ipc|65536|latency": 31.8,
    "ipc|131072|throughput": 16681.165,
    "ipc|131072|latency": 57.07,
    "ipc|262144|throughput": 9533.189999999999,
    "ipc|262144|latency": 104.9
  },
  "DEALER_DEALER": {
    "tcp|64|throughput": 4184696.96,
    "tcp|64|latency": 5.08,
    "tcp|256|throughput": 2532551.79,
    "tcp|256|latency": 5.09,
    "tcp|1024|throughput": 877343.575,
    "tcp|1024|latency": 5.195,
    "tcp|65536|throughput": 32301.09,
    "tcp|65536|latency": 12.52,
    "tcp|131072|throughput": 16677.745,
    "tcp|131072|latency": 18.39,
    "tcp|262144|throughput": 11007.16,
    "tcp|262144|latency": 30.115000000000002,
    "inproc|64|throughput": 6737779.525,
    "inproc|64|latency": 0.08,
    "inproc|256|throughput": 5310736.945,
    "inproc|256|latency": 0.08,
    "inproc|1024|throughput": 2657826.145,
    "inproc|1024|latency": 0.10500000000000001,
    "inproc|65536|throughput": 143902.31,
    "inproc|65536|latency": 1.995,
    "inproc|131072|throughput": 95972.93,
    "inproc|131072|latency": 3.5999999999999996,
    "inproc|262144|throughput": 59675.36,
    "inproc|262144|latency": 7.0,
    "ipc|64|throughput": 4532097.37,
    "ipc|64|latency": 4.475,
    "ipc|256|throughput": 2562490.85,
    "ipc|256|latency": 4.555,
    "ipc|1024|throughput": 979002.7949999999,
    "ipc|1024|latency": 4.609999999999999,
    "ipc|65536|throughput": 31287.445,
    "ipc|65536|latency": 12.615,
    "ipc|131072|throughput": 18047.415,
    "ipc|131072|latency": 18.46,
    "ipc|262144|throughput": 9394.724999999999,
    "ipc|262144|latency": 31.18
  },
  "DEALER_ROUTER": {
    "tcp|64|throughput": 3401649.625,
    "tcp|64|latency": 5.205,
    "tcp|256|throughput": 2079478.435,
    "tcp|256|latency": 5.16,
    "tcp|1024|throughput": 808015.6499999999,
    "tcp|1024|latency": 5.27,
    "tcp|65536|throughput": 30190.505,
    "tcp|65536|latency": 12.940000000000001,
    "tcp|131072|throughput": 17177.91,
    "tcp|131072|latency": 19.09,
    "tcp|262144|throughput": 9221.11,
    "tcp|262144|latency": 31.71,
    "inproc|64|throughput": 6418232.255,
    "inproc|64|latency": 0.11,
    "inproc|256|throughput": 5107808.03,
    "inproc|256|latency": 0.11,
    "inproc|1024|throughput": 2561889.29,
    "inproc|1024|latency": 0.13,
    "inproc|65536|throughput": 137907.87,
    "inproc|65536|latency": 1.995,
    "inproc|131072|throughput": 95772.45999999999,
    "inproc|131072|latency": 3.84,
    "inproc|262144|throughput": 59019.81,
    "inproc|262144|latency": 7.415,
    "ipc|64|throughput": 3495777.71,
    "ipc|64|latency": 4.585,
    "ipc|256|throughput": 2204354.3049999997,
    "ipc|256|latency": 4.665,
    "ipc|1024|throughput": 924435.49,
    "ipc|1024|latency": 4.595000000000001,
    "ipc|65536|throughput": 29192.215,
    "ipc|65536|latency": 12.41,
    "ipc|131072|throughput": 16811.18,
    "ipc|131072|latency": 19.31,
    "ipc|262144|throughput": 9234.005000000001,
    "ipc|262144|latency": 31.165
  },
  "ROUTER_ROUTER": {
    "tcp|64|throughput": 3276323.94,
    "tcp|64|latency": 4.17,
    "tcp|256|throughput": 2083903.125,
    "tcp|256|latency": 4.21,
    "tcp|1024|throughput": 821286.075,
    "tcp|1024|latency": 4.3,
    "tcp|65536|throughput": 31191.91,
    "tcp|65536|latency": 11.71,
    "tcp|131072|throughput": 17368.68,
    "tcp|131072|latency": 18.28,
    "tcp|262144|throughput": 10483.15,
    "tcp|262144|latency": 38.91,
    "inproc|64|throughput": 4881311.41,
    "inproc|64|latency": 0.16,
    "inproc|256|throughput": 4336376.324999999,
    "inproc|256|latency": 0.165,
    "inproc|1024|throughput": 2578035.045,
    "inproc|1024|latency": 0.19,
    "inproc|65536|throughput": 143457.31,
    "inproc|65536|latency": 2.065,
    "inproc|131072|throughput": 98370.215,
    "inproc|131072|latency": 3.83,
    "inproc|262144|throughput": 60492.81,
    "inproc|262144|latency": 7.21,
    "ipc|64|throughput": 3444334.15,
    "ipc|64|latency": 3.725,
    "ipc|256|throughput": 2222038.14,
    "ipc|256|latency": 3.745,
    "ipc|1024|throughput": 900440.27,
    "ipc|1024|latency": 3.865,
    "ipc|65536|throughput": 31118.31,
    "ipc|65536|latency": 13.73,
    "ipc|131072|throughput": 17554.129999999997,
    "ipc|131072|latency": 22.75,
    "ipc|262144|throughput": 9895.619999999999,
    "ipc|262144|latency": 37.760000000000005
  },
  "ROUTER_ROUTER_POLL": {
    "tcp|64|throughput": 3304752.59,
    "tcp|64|latency": 4.62,
    "tcp|256|throughput": 1926846.2850000001,
    "tcp|256|latency": 4.95,
    "tcp|1024|throughput": 717131.665,
    "tcp|1024|latency": 4.825,
    "tcp|65536|throughput": 29441.855000000003,
    "tcp|65536|latency": 12.41,
    "tcp|131072|throughput": 17386.46,
    "tcp|131072|latency": 18.880000000000003,
    "tcp|262144|throughput": 9290.099999999999,
    "tcp|262144|latency": 39.769999999999996,
    "inproc|64|throughput": 5227747.07,
    "inproc|64|latency": 0.55,
    "inproc|256|throughput": 4235664.895,
    "inproc|256|latency": 0.55,
    "inproc|1024|throughput": 2545808.27,
    "inproc|1024|latency": 0.58,
    "inproc|65536|throughput": 119442.92,
    "inproc|65536|latency": 2.495,
    "inproc|131072|throughput": 86332.42499999999,
    "inproc|131072|latency": 4.355,
    "inproc|262144|throughput": 56407.03,
    "inproc|262144|latency": 7.635,
    "ipc|64|throughput": 3309047.2,
    "ipc|64|latency": 4.235,
    "ipc|256|throughput": 2179045.7,
    "ipc|256|latency": 4.24,
    "ipc|1024|throughput": 858555.185,
    "ipc|1024|latency": 4.275,