{
  "PAIR": {
    "tcp|64|throughput": 4781576.16,
    "tcp|64|latency": 4.725,
    "tcp|256|throughput": 2599567.34,
    "tcp|256|latency": 4.77,
    "tcp|1024|throughput": 925903.52,
    "tcp|1024|latency": 5.035,
    "tcp|65536|throughput": 33214.9,
    "tcp|65536|latency": 12.19,
    "tcp|131072|throughput": 16342.915,
    "tcp|131072|latency": 17.685000000000002,
    "tcp|262144|throughput": 9626.69,
    "tcp|262144|latency": 29.455,
    "inproc|64|throughput": 7047971.49,
    "inproc|64|latency": 0.07,
    "inproc|256|throughput": 5716519.3100000005,
    "inproc|256|latency": 0.08,
    "inproc|1024|throughput": 2895380.4349999996,
    "inproc|1024|latency": 0.09,
    "inproc|65536|throughput": 155609.91999999998,
    "inproc|65536|latency": 1.89,
    "inproc|131072|throughput": 106234.455,
    "inproc|131072|latency": 3.42,
    "inproc|262144|throughput": 65694.73999999999,
    "inproc|262144|latency": 6.59,
    "ipc|64|throughput": 4970402.640000001,
    "ipc|64|latency": 4.265,
    "ipc|256|throughput": 2824191.89,
    "ipc|256|latency": 4.33,
    "ipc|1024|throughput": 991242.4199999999,
    "ipc|1024|latency": 4.390000000000001,
    "ipc|65536|throughput": 31510.795,
    "ipc|65536|latency": 12.245000000000001,
    "ipc|131072|throughput": 18988.574999999997,
    "ipc|131072|latency": 18.185000000000002,
    "ipc|262144|throughput": 10421.155,
    "ipc|262144|latency": 29.685
  },
  "PUBSUB": {
    "tcp|64|throughput": 4148023.89,
    "tcp|64|latency": 0.24,
    "tcp|256|throughput": 2471153.985,
    "tcp|256|latency": 0.405,
    "tcp|1024|throughput": 901601.2,
    "tcp|1024|latency": 1.11,
    "tcp|65536|throughput": 31052.17,
    "tcp|65536|latency": 32.22,
    "tcp|131072|throughput": 16164.04,
    "tcp|131072|latency": 61.87,
    "tcp|262144|throughput": 9677.48,
    "tcp|262144|latency": 103.33,
    "inproc|64|throughput": 6089847.6,
    "inproc|64|latency": 0.16,
    "inproc|256|throughput": 4870343.494999999,
    "inproc|256|latency": 0.20500000000000002,
    "inproc|1024|throughput": 2737082.42,
    "inproc|1024|latency": 0.37,
    "inproc|65536|throughput": 151762.405,
    "inproc|65536|latency": 6.59,
    "inproc|131072|throughput": 103897.675,
    "inproc|131072|latency": 9.625,
    "inproc|262144|throughput": 63004.305,
    "inproc|262144|latency": 15.870000000000001,
    "ipc|64|throughput": 4406588.535,
    "ipc|64|latency": 0.23,
    "ipc|256|throughput": 2627948.14,
    "ipc|256|latency": 0.38,
    "ipc|1024|throughput": 1014576.72,
    "ipc|1024|latency": 0.99,
    "ipc|65536|throughput": 32827.58,
    "ipc|65536|latency": 30.465,
    "ipc|131072|throughput": 18447.36,
    "ipc|131072|latency": 54.205,
    "ipc|262144|throughput": 9753.599999999999,
    "ipc|262144|latency": 102.53
  },
  "DEALER_DEALER": {
    "tcp|64|throughput": 4643266.225,
    "tcp|64|latency": 4.925000000000001,
    "tcp|256|throughput": 2642792.385,
    "tcp|256|latency": 4.925,
    "tcp|1024|throughput": 941927.3400000001,
    "tcp|1024|latency": 4.9,
    "tcp|65536|throughput": 34940.49,
    "tcp|65536|latency": 11.975000000000001,
    "tcp|131072|throughput": 19887.71,
    "tcp|131072|latency": 17.759999999999998,
    "tcp|262144|throughput": 9606.93,
    "tcp|262144|latency": 29.365000000000002,
    "inproc|64|throughput": 6858529.925,
    "inproc|64|latency": 0.08,
    "inproc|256|throughput": 5607794.945,
    "inproc|256|latency": 0.08,
    "inproc|1024|throughput": 2931944.55,
    "inproc|1024|latency": 0.1,
    "inproc|65536|throughput": 155173.225,
    "inproc|65536|latency": 1.92,
    "inproc|131072|throughput": 103316.645,
    "inproc|131072|latency": 3.42,
    "inproc|262144|throughput": 62564.835,
    "inproc|262144|latency": 6.71,
    "ipc|64|throughput": 4725615.56,
    "ipc|64|latency": 4.305,
    "ipc|256|throughput": 2614709.3150000004,
    "ipc|256|latency": 4.465,
    "ipc|1024|throughput": 1010154.5800000001,
    "ipc|1024|latency": 4.4399999999999995,
    "ipc|65536|throughput": 33044.22,
    "ipc|65536|latency": 11.805,
    "ipc|131072|throughput": 18574.235,
    "ipc|131072|latency": 17.725,
    "ipc|262144|throughput": 10636.025,
    "ipc|262144|latency": 29.375
  },
  "DEALER_ROUTER": {
    "tcp|64|throughput": 3689641.025,
    "tcp|64|latency": 4.93,
    "tcp|256|throughput": 2260959.7,
    "tcp|256|latency": 4.895,
    "tcp|1024|throughput": 889634.935,
    "tcp|1024|latency": 4.985,
    "tcp|65536|throughput": 33021.785,
    "tcp|65536|latency": 12.16,
    "tcp|131072|throughput": 16452.65,
    "tcp|131072|latency": 17.965,
    "tcp|262144|throughput": 9460.61,
    "tcp|262144|latency": 29.735,
    "inproc|64|throughput": 6444933.449999999,
    "inproc|64|latency": 0.1,
    "inproc|256|throughput": 5408397.345000001,
    "inproc|256|latency": 0.1,
    "inproc|1024|throughput": 2841642.245,
    "inproc|1024|latency": 0.12,
    "inproc|65536|throughput": 151896.905,
    "inproc|65536|latency": 1.895,
    "inproc|131072|throughput": 104019.16,
    "inproc|131072|latency": 3.5599999999999996,
    "inproc|262144|throughput": 63202.545,
    "inproc|262144|latency": 6.915,
    "ipc|64|throughput": 3722832.7199999997,
    "ipc|64|latency": 4.359999999999999,
    "ipc|256|throughput": 2430174.91,
    "ipc|256|latency": 4.425,
    "ipc|1024|throughput": 951582.9199999999,
    "ipc|1024|latency": 4.445,
    "ipc|65536|throughput": 31488.98,
    "ipc|65536|latency": 12.024999999999999,
    "ipc|131072|throughput": 19142.79,
    "ipc|131072|latency": 17.86,
    "ipc|262144|throughput": 9934.025000000001,
    "ipc|262144|latency": 29.77
  },
  "ROUTER_ROUTER": {
    "tcp|64|throughput": 3467614.71,
    "tcp|64|latency": 4.07,
    "tcp|256|throughput": 2194619.545,
    "tcp|256|latency": 4.09,
    "tcp|1024|throughput": 879219.48,
    "tcp|1024|latency": 4.13,
    "tcp|65536|throughput": 33034.0,
    "tcp|65536|latency": 11.184999999999999,
    "tcp|131072|throughput": 16637.97,
    "tcp|131072|latency": 17.439999999999998,
    "tcp|262144|throughput": 11653.785,
    "tcp|262144|latency": 36.935,
    "inproc|64|throughput": 5403691.6850000005,
    "inproc|64|latency": 0.16,
    "inproc|256|throughput": 4465721.1899999995,
    "inproc|256|latency": 0.16,
    "inproc|1024|throughput": 2749376.33,
    "inproc|1024|latency": 0.18,
    "inproc|65536|throughput": 153464.07,
    "inproc|65536|latency": 1.9649999999999999,
    "inproc|131072|throughput": 103729.55,
    "inproc|131072|latency": 3.725,
    "inproc|262144|throughput": 64158.55,
    "inproc|262144|latency": 6.85,
    "ipc|64|throughput": 3542104.49,
    "ipc|64|latency": 3.675,
    "ipc|256|throughput": 2337523.705,
    "ipc|256|latency": 3.68,
    "ipc|1024|throughput": 953940.65,
    "ipc|1024|latency": 3.79,
    "ipc|65536|throughput": 31140.205,
    "ipc|65536|latency": 13.725,
    "ipc|131072|throughput": 18243.725,
    "ipc|131072|latency": 22.055,
    "ipc|262144|throughput": 9942.975,
    "ipc|262144|latency": 35.825
  },
  "ROUTER_ROUTER_POLL": {
    "tcp|64|throughput": 3505772.54,
    "tcp|64|latency": 4.425,
    "tcp|256|throughput": 2105290.215,
    "tcp|256|latency": 4.4350000000000005,
    "tcp|1024|throughput": 832125.215,
    "tcp|1024|latency": 4.52,
    "tcp|65536|throughput": 31213.050000000003,
    "tcp|65536|latency": 11.915,
    "tcp|131072|throughput": 18594.815000000002,
    "tcp|131072|latency": 17.905,
    "tcp|262144|throughput": 9820.599999999999,
    "tcp|262144|latency": 37.595,
    "inproc|64|throughput": 5461802.4350000005,
    "inproc|64|latency": 0.52,
    "inproc|256|throughput": 4520647.26,
    "inproc|256|latency": 0.52,
    "inproc|1024|throughput": 2626327.42,
    "inproc|1024|latency": 0.55,
    "inproc|65536|throughput": 124517.815,
    "inproc|65536|latency": 2.4050000000000002,
    "inproc|131072|throughput": 89689.245,
    "inproc|131072|latency": 4.154999999999999,
    "inproc|262144|throughput": 58689.96,
    "inproc|262144|latency": 7.365,
    "ipc|64|throughput": 3572864.83,
    "ipc|64|latency": 4.03,