{
  "PAIR": {
    "tcp|64|throughput": 4752743.275,
    "tcp|64|latency": 4.785,
    "tcp|256|throughput": 2642714.99,
    "tcp|256|latency": 4.865,
    "tcp|1024|throughput": 925927.5549999999,
    "tcp|1024|latency": 4.87,
    "tcp|65536|throughput": 33636.34,
    "tcp|65536|latency": 12.045,
    "tcp|131072|throughput": 17170.190000000002,
    "tcp|131072|latency": 18.035,
    "tcp|262144|throughput": 10713.06,
    "tcp|262144|latency": 29.57,
    "inproc|64|throughput": 6880036.42,
    "inproc|64|latency": 0.07,
    "inproc|256|throughput": 5459216.51,
    "inproc|256|latency": 0.08,
    "inproc|1024|throughput": 2804959.4,
    "inproc|1024|latency": 0.09,
    "inproc|65536|throughput": 150384.28,
    "inproc|65536|latency": 1.89,
    "inproc|131072|throughput": 106091.15,
    "inproc|131072|latency": 3.365,
    "inproc|262144|throughput": 66063.38500000001,
    "inproc|262144|latency": 6.62,
    "ipc|64|throughput": 4850522.2,
    "ipc|64|latency": 4.305,
    "ipc|256|throughput": 2786512.385,
    "ipc|256|latency": 4.33,
    "ipc|1024|throughput": 1048731.805,
    "ipc|1024|latency": 4.295,
    "ipc|65536|throughput": 32774.85,
    "ipc|65536|latency": 11.85,
    "ipc|131072|throughput": 18099.335,
    "ipc|131072|latency": 18.0,
    "ipc|262144|throughput": 9863.9,
    "ipc|262144|latency": 28.9
  },
  "PUBSUB": {
    "tcp|64|throughput": 4237841.415,
    "tcp|64|latency": 0.24,
    "tcp|256|throughput": 2507378.1550000003,
    "tcp|256|latency": 0.4,
    "tcp|1024|throughput": 917507.075,
    "tcp|1024|latency": 1.09,
    "tcp|65536|throughput": 33245.955,
    "tcp|65536|latency": 30.08,
    "tcp|131072|throughput": 18282.440000000002,
    "tcp|131072|latency": 55.230000000000004,
    "tcp|262144|throughput": 9956.64,
    "tcp|262144|latency": 100.44,
    "inproc|64|throughput": 6138762.29,
    "inproc|64|latency": 0.16,
    "inproc|256|throughput": 5063747.315,
    "inproc|256|latency": 0.2,
    "inproc|1024|throughput": 2781685.4000000004,
    "inproc|1024|latency": 0.36,
    "inproc|65536|throughput": 155638.965,
    "inproc|65536|latency": 6.425,
    "inproc|131072|throughput": 106725.805,
    "inproc|131072|latency": 9.370000000000001,
    "inproc|262144|throughput": 64790.884999999995,
    "inproc|262144|latency": 15.434999999999999,
    "ipc|64|throughput": 4420486.494999999,
    "ipc|64|latency": 0.23,
    "ipc|256|throughput": 2663076.625,
    "ipc|256|latency": 0.375,
    "ipc|1024|throughput": 989059.895,
    "ipc|1024|latency": 1.01,
    "ipc|65536|throughput": 32177.93,
    "ipc|65536|latency": 31.075,
    "ipc|131072|throughput": 16645.165,
    "ipc|131072|latency": 60.08,
    "ipc|262144|throughput": 10780.535,
    "ipc|262144|latency": 92.75999999999999
  },
  "DEALER_DEALER": {
    "tcp|64|throughput": 4590071.255000001,
    "tcp|64|latency": 4.8100000000000005,
    "tcp|256|throughput": 2581938.745,
    "tcp|256|latency": 4.904999999999999,
    "tcp|1024|throughput": 914349.765,
    "tcp|1024|latency": 4.9,
    "tcp|65536|throughput": 34247.8,
    "tcp|65536|latency": 12.165,
    "tcp|131072|throughput": 19919.61,
    "tcp|131072|latency": 18.134999999999998,
    "tcp|262144|throughput": 9816.625,
    "tcp|262144|latency": 29.405,
    "inproc|64|throughput": 6919885.675,
    "inproc|64|latency": 0.08,
    "inproc|256|throughput": 5746300.25,
    "inproc|256|latency": 0.08,
    "inproc|1024|throughput": 2840533.54,
    "inproc|1024|latency": 0.1,
    "inproc|65536|throughput": 154020.14500000002,
    "inproc|65536|latency": 1.91,
    "inproc|131072|throughput": 104465.45,
    "inproc|131072|latency": 3.44,
    "inproc|262144|throughput": 62647.34,
    "inproc|262144|latency": 6.6899999999999995,
    "ipc|64|throughput": 4753201.765,
    "ipc|64|latency": 4.295,
    "ipc|256|throughput": 2763933.44,
    "ipc|256|latency": 4.345,
    "ipc|1024|throughput": 1049773.75,
    "ipc|1024|latency": 4.355,
    "ipc|65536|throughput": 33200.425,
    "ipc|65536|latency": 11.775,
    "ipc|131072|throughput": 18811.184999999998,
    "ipc|131072|latency": 17.87,
    "ipc|262144|throughput": 10126.45,
    "ipc|262144|latency": 30.015
  },
  "DEALER_ROUTER": {
    "tcp|64|throughput": 3722882.1900000004,
    "tcp|64|latency": 4.800000000000001,
    "tcp|256|throughput": 2297536.135,
    "tcp|256|latency": 4.9,
    "tcp|1024|throughput": 892073.1399999999,
    "tcp|1024|latency": 4.92,
    "tcp|65536|throughput": 33386.025,
    "tcp|65536|latency": 12.030000000000001,
    "tcp|131072|throughput": 16427.12,
    "tcp|131072|latency": 18.48,
    "tcp|262144|throughput": 9953.735,
    "tcp|262144|latency": 29.965,
    "inproc|64|throughput": 6504167.415,
    "inproc|64|latency": 0.1,
    "inproc|256|throughput": 5392608.720000001,
    "inproc|256|latency": 0.1,
    "inproc|1024|throughput": 2899681.705,
    "inproc|1024|latency": 0.12,
    "inproc|65536|throughput": 151038.46,
    "inproc|65536|latency": 1.8849999999999998,
    "inproc|131072|throughput": 103720.535,
    "inproc|131072|latency": 3.55,
    "inproc|262144|throughput": 64543.85,
    "inproc|262144|latency": 6.9350000000000005,
    "ipc|64|throughput": 3853385.98,
    "ipc|64|latency": 4.355,
    "ipc|256|throughput": 2504973.835,
    "ipc|256|latency": 4.4350000000000005,
    "ipc|1024|throughput": 971049.905,
    "ipc|1024|latency": 4.445,
    "ipc|65536|throughput": 33145.595,
    "ipc|65536|latency": 11.825,
    "ipc|131072|throughput": 19433.545,
    "ipc|131072|latency": 18.045,
    "ipc|262144|throughput": 9744.49,
    "ipc|262144|latency": 29.285
  },
  "ROUTER_ROUTER": {
    "tcp|64|throughput": 3507866.16,
    "tcp|64|latency": 4.02,
    "tcp|256|throughput": 2176585.25,
    "tcp|256|latency": 4.14,
    "tcp|1024|throughput": 864608.52,
    "tcp|1024|latency": 4.18,
    "tcp|65536|throughput": 32847.46,
    "tcp|65536|latency": 11.2,
    "tcp|131072|throughput": 19623.48,
    "tcp|131072|latency": 18.1,
    "tcp|262144|throughput": 9694.05,
    "tcp|262144|latency": 37.68,
    "inproc|64|throughput": 5480484.64,
    "inproc|64|latency": 0.15,
    "inproc|256|throughput": 4616903.75,
    "inproc|256|latency": 0.17,
    "inproc|1024|throughput": 2850639.08,
    "inproc|1024|latency": 0.19,
    "inproc|65536|throughput": 146340.03,
    "inproc|65536|latency": 1.95,
    "inproc|131072|throughput": 104079.88,
    "inproc|131072|latency": 3.64,
    "inproc|262144|throughput": 64012.17,
    "inproc|262144|latency": 6.88,
    "ipc|64|throughput": 3575731.07,
    "ipc|64|latency": 3.58,
    "ipc|256|throughput": 2328962.78,
    "ipc|256|latency": 3.67,
    "ipc|1024|throughput": 920432.13,
    "ipc|1024|latency": 3.78,
    "ipc|65536|throughput": 31633.02,
    "ipc|65536|latency": 12.79,
    "ipc|131072|throughput": 17538.46,
    "ipc|131072|latency": 22.07,
    "ipc|262144|throughput": 10033.4,
    "ipc|262144|latency": 36.45
  },
  "ROUTER_ROUTER_POLL": {
    "tcp|64|throughput": 3505016.9699999997,
    "tcp|64|latency": 4.45,
    "tcp|256|throughput": 2183767.975,
    "tcp|256|latency": 4.53,
    "tcp|1024|throughput": 838252.1799999999,
    "tcp|1024|latency": 4.54,
    "tcp|65536|throughput": 31601.28,
    "tcp|65536|latency": 11.85,
    "tcp|131072|throughput": 17515.989999999998,
    "tcp|131072|latency": 18.115,
    "tcp|262144|throughput": 10354.244999999999,
    "tcp|262144|latency": 37.730000000000004,
    "inproc|64|throughput": 5557840.035,
    "inproc|64|latency": 0.53,
    "inproc|256|throughput": 4461271.855,
    "inproc|256|latency": 0.52,
    "inproc|1024|throughput": 2573103.99,
    "inproc|1024|latency": 0.55,
    "inproc|65536|throughput": 125788.565,
    "inproc|65536|latency": 2.375,
    "inproc|131072|throughput": 90390.37,
    "inproc|131072|latency": 4.165,
    "inproc|262144|throughput": 59293.065,
    "inproc|262144|latency": 7.27,
    "ipc|64|throughput": 3606598.62,
    "ipc|64|latency": 4.045,
    "ipc|256|throughput": 2333147.55,
    "ipc|256|latency": 4.05,
    "ipc|1024|throughput": 943396.05,
    "ipc|1024|latency": 4.095000000000001,