{
  "PAIR": {
    "tcp|64|throughput": 5476857.26,
    "tcp|64|latency": 33.11,
    "tcp|256|throughput": 3031047.94875,
    "tcp|256|latency": 31.8225,
    "tcp|1024|throughput": 1315412.11375,
    "tcp|1024|latency": 31.61,
    "tcp|65536|throughput": 76045.51625,
    "tcp|65536|latency": 53.055,
    "tcp|131072|throughput": 46158.7125,
    "tcp|131072|latency": 64.61125,
    "tcp|262144|throughput": 26065.04375,
    "tcp|262144|latency": 85.72125,
    "inproc|64|throughput": 5954987.34625,
    "inproc|64|latency": 0.07,
    "inproc|256|throughput": 5379771.1575,
    "inproc|256|latency": 0.07625,
    "inproc|1024|throughput": 3343803.45,
    "inproc|1024|latency": 0.09,
    "inproc|65536|throughput": 149444.61875,
    "inproc|65536|latency": 1.9749999999999999,
    "inproc|131072|throughput": 82904.8825,
    "inproc|131072|latency": 3.51625,
    "inproc|262144|throughput": 50788.8675,
    "inproc|262144|latency": 6.86125,
    "ipc|64|throughput": 5512370.27125,
    "ipc|64|latency": 29.04125,
    "ipc|256|throughput": 3192450.9825,
    "ipc|256|latency": 30.12125,
    "ipc|1024|throughput": 1510580.46875,
    "ipc|1024|latency": 29.76875,
    "ipc|65536|throughput": 75315.07125,
    "ipc|65536|latency": 47.65375,
    "ipc|131072|throughput": 43071.24,
    "ipc|131072|latency": 61.17875,
    "ipc|262144|throughput": 23665.08625,
    "ipc|262144|latency": 81.23625
  },
  "PUBSUB": {
    "tcp|64|throughput": 5366023.5912500005,
    "tcp|64|latency": 0.1875,
    "tcp|256|throughput": 2320745.95875,
    "tcp|256|latency": 0.43,
    "tcp|1024|throughput": 955522.97375,
    "tcp|1024|latency": 1.02375,
    "tcp|65536|throughput": 66189.38375,
    "tcp|65536|latency": 15.12125,
    "tcp|131072|throughput": 41264.56,
    "tcp|131072|latency": 24.27125,
    "tcp|262144|throughput": 23910.908750000002,
    "tcp|262144|latency": 41.83125,
    "inproc|64|throughput": 5296264.3825,
    "inproc|64|latency": 0.19,
    "inproc|256|throughput": 4268220.615,
    "inproc|256|latency": 0.23500000000000001,
    "inproc|1024|throughput": 1984615.1025,
    "inproc|1024|latency": 0.5075000000000001,
    "inproc|65536|throughput": 147336.185,
    "inproc|65536|latency": 6.79375,
    "inproc|131072|throughput": 78997.07125,
    "inproc|131072|latency": 12.675,
    "inproc|262144|throughput": 59059.45625,
    "inproc|262144|latency": 16.965,
    "ipc|64|throughput": 5336007.22875,
    "ipc|64|latency": 0.18875,
    "ipc|256|throughput": 2518146.93,
    "ipc|256|latency": 0.39875,
    "ipc|1024|throughput": 1029722.21125,
    "ipc|1024|latency": 0.95625,
    "ipc|65536|throughput": 60959.31875,
    "ipc|65536|latency": 16.415,
    "ipc|131072|throughput": 36181.0475,
    "ipc|131072|latency": 27.653750000000002,
    "ipc|262144|throughput": 21136.92375,
    "ipc|262144|latency": 47.405
  },
  "DEALER_DEALER": {
    "tcp|64|throughput": 5406858.41375,
    "tcp|64|latency": 32.5075,
    "tcp|256|throughput": 2975308.33,
    "tcp|256|latency": 32.871249999999996,
    "tcp|1024|throughput": 1324379.325,
    "tcp|1024|latency": 33.1875,
    "tcp|65536|throughput": 68274.2225,
    "tcp|65536|latency": 55.1375,
    "tcp|131072|throughput": 39487.91625,
    "tcp|131072|latency": 70.5175,
    "tcp|262144|throughput": 22041.6075,
    "tcp|262144|latency": 98.7125,
    "inproc|64|throughput": 5707103.28375,
    "inproc|64|latency": 0.07250000000000001,
    "inproc|256|throughput": 5171262.005,
    "inproc|256|latency": 0.08,
    "inproc|1024|throughput": 3191766.61,
    "inproc|1024|latency": 0.10125,
    "inproc|65536|throughput": 158839.23375,
    "inproc|65536|latency": 2.015,
    "inproc|131072|throughput": 106244.81625,
    "inproc|131072|latency": 3.5825,
    "inproc|262144|throughput": 46509.545,
    "inproc|262144|latency": 7.065,
    "ipc|64|throughput": 5503005.70375,
    "ipc|64|latency": 31.84625,
    "ipc|256|throughput": 3092089.59,
    "ipc|256|latency": 31.0725,
    "ipc|1024|throughput": 1451396.145,
    "ipc|1024|latency": 32.5375,
    "ipc|65536|throughput": 62867.3925,
    "ipc|65536|latency": 54.825,
    "ipc|131072|throughput": 35082.6275,
    "ipc|131072|latency": 68.7075,
    "ipc|262144|throughput": 21322.8325,
    "ipc|262144|latency": 83.60125
  },
  "DEALER_ROUTER": {
    "tcp|64|throughput": 5145966.672499999,
    "tcp|64|latency": 35.25875,
    "tcp|256|throughput": 2874668.145,
    "tcp|256|latency": 34.7325,
    "tcp|1024|throughput": 1266163.61,
    "tcp|1024|latency": 34.9,
    "tcp|65536|throughput": 65878.885,
    "tcp|65536|latency": 61.26,
    "tcp|131072|throughput": 39773.095,
    "tcp|131072|latency": 70.65375,
    "tcp|262144|throughput": 22456.26375,
    "tcp|262144|latency": 98.3525,
    "inproc|64|throughput": 5082453.10875,
    "inproc|64|latency": 0.11375,
    "inproc|256|throughput": 3891463.65375,
    "inproc|256|latency": 0.115,
    "inproc|1024|throughput": 2508689.63625,
    "inproc|1024|latency": 0.12375,
    "inproc|65536|throughput": 127144.0175,
    "inproc|65536|latency": 1.9775,
    "inproc|131072|throughput": 72476.62375,
    "inproc|131072|latency": 3.7775,
    "inproc|262144|throughput": 44745.20375,
    "inproc|262144|latency": 7.2025,
    "ipc|64|throughput": 5236939.56125,
    "ipc|64|latency": 39.06625,
    "ipc|256|throughput": 2922716.15,
    "ipc|256|latency": 37.6875,
    "ipc|1024|throughput": 1441242.69625,
    "ipc|1024|latency": 39.9425,
    "ipc|65536|throughput": 72922.02249999999,
    "ipc|65536|latency": 61.2175,
    "ipc|131072|throughput": 42581.81125,
    "ipc|131072|latency": 66.29,
    "ipc|262144|throughput": 21338.0125,
    "ipc|262144|latency": 95.08625
  },
  "ROUTER_ROUTER": {
    "tcp|64|throughput": 4604570.9037500005,
    "tcp|64|latency": 19.03625,
    "tcp|256|throughput": 2551173.3,
    "tcp|256|latency": 19.1125,
    "tcp|1024|throughput": 1282990.475,
    "tcp|1024|latency": 17.9475,
    "tcp|65536|throughput": 72843.84125,
    "tcp|65536|latency": 29.11625,
    "tcp|131072|throughput": 43673.25625,
    "tcp|131072|latency": 38.61625,
    "tcp|262144|throughput": 25028.245,
    "tcp|262144|latency": 84.51125,
    "inproc|64|throughput": 4549693.87375,
    "inproc|64|latency": 0.155,
    "inproc|256|throughput": 3335700.585,
    "inproc|256|latency": 0.15625,
    "inproc|1024|throughput": 2346765.43125,
    "inproc|1024|latency": 0.18375,
    "inproc|65536|throughput": 155264.5125,
    "inproc|65536|latency": 2.075,
    "inproc|131072|throughput": 100474.1925,
    "inproc|131072|latency": 3.8825,
    "inproc|262144|throughput": 36660.0225,
    "inproc|262144|latency": 7.225,
    "ipc|64|throughput": 4762856.60375,
    "ipc|64|latency": 18.58,
    "ipc|256|throughput": 2652331.63625,
    "ipc|256|latency": 16.93625,
    "ipc|1024|throughput": 1412035.84375,
    "ipc|1024|latency": 17.20625,
    "ipc|65536|throughput": 72478.715,
    "ipc|65536|latency": 27.905,
    "ipc|131072|throughput": 40131.698749999996,
    "ipc|131072|latency": 39.28875,
    "ipc|262144|throughput": 22158.76125,
    "ipc|262144|latency": 84.82124999999999
  }
}