{
  "PAIR": {
    "tcp|64|throughput": 4813093.4675,
    "tcp|64|latency": 4.8475,
    "tcp|256|throughput": 2875497.01125,
    "tcp|256|latency": 4.845,
    "tcp|1024|throughput": 1005872.4612499999,
    "tcp|1024|latency": 4.9225,
    "tcp|65536|throughput": 34857.03375,
    "tcp|65536|latency": 11.71,
    "tcp|131072|throughput": 19784.4375,
    "tcp|131072|latency": 17.3625,
    "tcp|262144|throughput": 12554.13875,
    "tcp|262144|latency": 28.4175,
    "inproc|64|throughput": 7198469.615,
    "inproc|64|latency": 0.07375000000000001,
    "inproc|256|throughput": 5923401.51375,
    "inproc|256|latency": 0.08125,
    "inproc|1024|throughput": 3385371.6825,
    "inproc|1024|latency": 0.09125,
    "inproc|65536|throughput": 163756.6575,
    "inproc|65536|latency": 1.91875,
    "inproc|131072|throughput": 108327.25,
    "inproc|131072|latency": 3.43875,
    "inproc|262144|throughput": 69840.06625,
    "inproc|262144|latency": 6.69,
    "ipc|64|throughput": 5038531.98125,
    "ipc|64|latency": 4.43,
    "ipc|256|throughput": 3019399.135,
    "ipc|256|latency": 4.39625,
    "ipc|1024|throughput": 1103585.37625,
    "ipc|1024|latency": 4.4275,
    "ipc|65536|throughput": 34390.19,
    "ipc|65536|latency": 11.5675,
    "ipc|131072|throughput": 20289.275,
    "ipc|131072|latency": 17.53125,
    "ipc|262144|throughput": 11784.8625,
    "ipc|262144|latency": 28.32375
  },
  "PUBSUB": {
    "tcp|64|throughput": 4454578.4037500005,
    "tcp|64|latency": 0.225,
    "tcp|256|throughput": 2692129.2487500003,
    "tcp|256|latency": 0.37,
    "tcp|1024|throughput": 1011345.82875,
    "tcp|1024|latency": 0.98875,
    "tcp|65536|throughput": 34208.5075,
    "tcp|65536|latency": 29.3725,
    "tcp|131072|throughput": 20647.802499999998,
    "tcp|131072|latency": 48.71625,
    "tcp|262144|throughput": 12329.93125,
    "tcp|262144|latency": 81.1725,
    "inproc|64|throughput": 6336058.495,
    "inproc|64|latency": 0.15875,
    "inproc|256|throughput": 5497011.805,
    "inproc|256|latency": 0.18375,
    "inproc|1024|throughput": 3273994.77875,
    "inproc|1024|latency": 0.30625,
    "inproc|65536|throughput": 160887.8275,
    "inproc|65536|latency": 6.2175,
    "inproc|131072|throughput": 108336.05375,
    "inproc|131072|latency": 9.23125,
    "inproc|262144|throughput": 69386.04375,
    "inproc|262144|latency": 14.415,
    "ipc|64|throughput": 4661966.9675,
    "ipc|64|latency": 0.2125,
    "ipc|256|throughput": 2877421.7025,
    "ipc|256|latency": 0.34875,
    "ipc|1024|throughput": 1097199.93,
    "ipc|1024|latency": 0.90125,
    "ipc|65536|throughput": 36043.53,
    "ipc|65536|latency": 27.76375,
    "ipc|131072|throughput": 20104.72375,
    "ipc|131072|latency": 49.7575,
    "ipc|262144|throughput": 11500.32,
    "ipc|262144|latency": 87.0125
  },
  "DEALER_DEALER": {
    "tcp|64|throughput": 4751131.67625,
    "tcp|64|latency": 4.84125,
    "tcp|256|throughput": 2743483.17875,
    "tcp|256|latency": 4.93125,
    "tcp|1024|throughput": 1016651.74875,
    "tcp|1024|latency": 4.885,
    "tcp|65536|throughput": 36106.81875,
    "tcp|65536|latency": 11.7525,
    "tcp|131072|throughput": 20260.385000000002,
    "tcp|131072|latency": 17.50625,
    "tcp|262144|throughput": 12435.80875,
    "tcp|262144|latency": 29.16375,
    "inproc|64|throughput": 7145330.3975,
    "inproc|64|latency": 0.07875,
    "inproc|256|throughput": 6006124.98375,
    "inproc|256|latency": 0.08125,
    "inproc|1024|throughput": 3327435.91375,
    "inproc|1024|latency": 0.10125,
    "inproc|65536|throughput": 162673.13625,
    "inproc|65536|latency": 1.93,
    "inproc|131072|throughput": 110225.54875,
    "inproc|131072|latency": 3.42875,
    "inproc|262144|throughput": 67585.78874999999,
    "inproc|262144|latency": 6.75875,
    "ipc|64|throughput": 4926200.4875,
    "ipc|64|latency": 4.3975,
    "ipc|256|throughput": 2992807.32,
    "ipc|256|latency": 4.40625,
    "ipc|1024|throughput": 1125438.16625,
    "ipc|1024|latency": 4.4575000000000005,
    "ipc|65536|throughput": 32515.677499999998,
    "ipc|65536|latency": 11.84625,
    "ipc|131072|throughput": 20290.739999999998,
    "ipc|131072|latency": 17.67875,
    "ipc|262144|throughput": 11665.57625,
    "ipc|262144|latency": 28.74625
  },
  "DEALER_ROUTER": {
    "tcp|64|throughput": 4777491.37375,
    "tcp|64|latency": 4.82625,
    "tcp|256|throughput": 3366091.67,
    "tcp|256|latency": 4.8375,
    "tcp|1024|throughput": 1396069.0075,
    "tcp|1024|latency": 4.8,
    "tcp|65536|throughput": 34141.198749999996,
    "tcp|65536|latency": 11.865,
    "tcp|131072|throughput": 23663.6825,
    "tcp|131072|latency": 17.70625,
    "tcp|262144|throughput": 13750.195,
    "tcp|262144|latency": 29.26875,
    "inproc|64|throughput": 7413358.955,
    "inproc|64|latency": 0.10500000000000001,
    "inproc|256|throughput": 7538722.6274999995,
    "inproc|256|latency": 0.1125,
    "inproc|1024|throughput": 4798396.975,
    "inproc|1024|latency": 0.12,
    "inproc|65536|throughput": 157577.51124999998,
    "inproc|65536|latency": 1.91125,
    "inproc|131072|throughput": 112944.71625,
    "inproc|131072|latency": 3.585,
    "inproc|262144|throughput": 69015.95125,
    "inproc|262144|latency": 6.91875,
    "ipc|64|throughput": 4886796.47375,
    "ipc|64|latency": 4.38375,
    "ipc|256|throughput": 3639605.15625,
    "ipc|256|latency": 4.505,
    "ipc|1024|throughput": 1634297.3425,
    "ipc|1024|latency": 4.5825,
    "ipc|65536|throughput": 40156.23,
    "ipc|65536|latency": 11.52,
    "ipc|131072|throughput": 22097.74625,
    "ipc|131072|latency": 17.59625,
    "ipc|262144|throughput": 13016.2925,
    "ipc|262144|latency": 29.115000000000002
  },
  "ROUTER_ROUTER": {
    "tcp|64|throughput": 4217280.69125,
    "tcp|64|latency": 4.055,
    "tcp|256|throughput": 3121122.985,
    "tcp|256|latency": 4.06125,
    "tcp|1024|throughput": 1310046.9375,
    "tcp|1024|latency": 4.1775,
    "tcp|65536|throughput": 39097.71,
    "tcp|65536|latency": 11.035,
    "tcp|131072|throughput": 25641.37,
    "tcp|131072|latency": 17.025000000000002,
    "tcp|262144|throughput": 14144.39875,
    "tcp|262144|latency": 36.03375,
    "inproc|64|throughput": 5044624.6325,
    "inproc|64|latency": 0.16375,
    "inproc|256|throughput": 5303138.72625,
    "inproc|256|latency": 0.165,
    "inproc|1024|throughput": 3647959.95,
    "inproc|1024|latency": 0.19,
    "inproc|65536|throughput": 161339.32125,
    "inproc|65536|latency": 2.00375,
    "inproc|131072|throughput": 113246.14875,
    "inproc|131072|latency": 3.62375,
    "inproc|262144|throughput": 69841.6125,
    "inproc|262144|latency": 6.9037500000000005,
    "ipc|64|throughput": 4274655.525,
    "ipc|64|latency": 3.6375,
    "ipc|256|throughput": 3309761.8325,
    "ipc|256|latency": 3.73,
    "ipc|1024|throughput": 1502410.945,
    "ipc|1024|latency": 3.76375,
    "ipc|65536|throughput": 42411.69375,
    "ipc|65536|latency": 12.62125,
    "ipc|131072|throughput": 22293.76,
    "ipc|131072|latency": 21.51625,
    "ipc|262144|throughput": 11546.145,
    "ipc|262144|latency": 35.10375
  }
}