{
  "PAIR": {
    "tcp|64|throughput": 3954983.225,
    "tcp|64|latency": 41.92,
    "tcp|256|throughput": 2252697.85,
    "tcp|256|latency": 39.86,
    "tcp|1024|throughput": 805533.2949999999,
    "tcp|1024|latency": 38.15,
    "tcp|65536|throughput": 63546.285,
    "tcp|65536|latency": 108.02000000000001,
    "tcp|131072|throughput": 35279.985,
    "tcp|131072|latency": 137.59,
    "tcp|262144|throughput": 21159.43,
    "tcp|262144|latency": 147.505
  },
  "PUBSUB": {
    "tcp|64|throughput": 3675980.76,
    "tcp|64|latency": 0.27,
    "tcp|256|throughput": 2184493.935,
    "tcp|256|latency": 0.45999999999999996,
    "tcp|1024|throughput": 825528.02,
    "tcp|1024|latency": 1.2,
    "tcp|65536|throughput": 51944.770000000004,
    "tcp|65536|latency": 19.255,
    "tcp|131072|throughput": 37531.535,
    "tcp|131072|latency": 26.645,
    "tcp|262144|throughput": 21720.4,
    "tcp|262144|latency": 45.980000000000004
  },
  "DEALER_DEALER": {
    "tcp|64|throughput": 3987241.7199999997,
    "tcp|64|latency": 45.19,
    "tcp|256|throughput": 2253300.99,
    "tcp|256|latency": 41.35,
    "tcp|1024|throughput": 793816.72,
    "tcp|1024|latency": 45.22,
    "tcp|65536|throughput": 59509.28,
    "tcp|65536|latency": 75.88,
    "tcp|131072|throughput": 38116.475000000006,
    "tcp|131072|latency": 97.045,
    "tcp|262144|throughput": 21457.445,
    "tcp|262144|latency": 150.865
  },
  "DEALER_ROUTER": {
    "tcp|64|throughput": 4095294.795,
    "tcp|64|latency": 51.255,
    "tcp|256|throughput": 2128784.52,
    "tcp|256|latency": 47.489999999999995,
    "tcp|1024|throughput": 780121.6000000001,
    "tcp|1024|latency": 50.46,
    "tcp|65536|throughput": 54166.805,
    "tcp|65536|latency": 90.46000000000001,
    "tcp|131072|throughput": 33302.825,
    "tcp|131072|latency": 114.815,
    "tcp|262144|throughput": 20289.135000000002,
    "tcp|262144|latency": 125.565
  },
  "ROUTER_ROUTER": {
    "tcp|64|throughput": 3389741.09,
    "tcp|64|latency": 18.275,
    "tcp|256|throughput": 2180126.205,
    "tcp|256|latency": 18.765,
    "tcp|1024|throughput": 780075.905,
    "tcp|1024|latency": 19.275,
    "tcp|65536|throughput": 60171.44,
    "tcp|65536|latency": 34.81,
    "tcp|131072|throughput": 37152.67,
    "tcp|131072|latency": 53.325,
    "tcp|262144|throughput": 21137.5,
    "tcp|262144|latency": 167.66500000000002
  },
  "ROUTER_ROUTER_POLL": {
    "tcp|64|throughput": 3481210.25,
    "tcp|64|latency": 17.905,
    "tcp|256|throughput": 2049887.345,
    "tcp|256|latency": 18.115000000000002,
    "tcp|1024|throughput": 793542.89,
    "tcp|1024|latency": 18.729999999999997,
    "tcp|65536|throughput": 61256.9,
    "tcp|65536|latency": 33.275000000000006,
    "tcp|131072|throughput": 37598.16,
    "tcp|131072|latency": 49.980000000000004,
    "tcp|262144|throughput": 20858.16,
    "tcp|262144|latency": 169.08
  },
  "STREAM": {
    "tcp|64|throughput": 3309635.6550000003,
    "tcp|64|latency": 34.765,
    "tcp|256|throughput": 2601904.73,
    "tcp|256|latency": 32.825,
    "tcp|1024|throughput": 1151333.37,
    "tcp|1024|latency": 33.05,
    "tcp|65536|throughput": 58108.59,
    "tcp|65536|latency": 76.695,
    "tcp|131072|throughput": 33789.425,
    "tcp|131072|latency": 93.94,
    "tcp|262144|throughput": 18979.6,
    "tcp|262144|latency": 154.33999999999997
  }
}